CustomerID,RecencyScore,FrequencyScore,MonetaryScore,RFMGroup,RFMSegment
12346,1,5,5,155,
12347,5,2,5,525,
12348,4,4,5,445,
12349,5,5,5,555,Champions
12350,1,5,1,151,Potential_Loyalists
12352,5,1,5,515,Recent_Rich_Customers
12353,2,5,1,251,Fresh_Visitors
12354,2,5,5,255,
12355,2,5,1,251,Fresh_Visitors
12356,5,4,5,545,
12357,5,5,5,555,Champions
12358,5,5,2,552,
12359,5,3,5,535,
12360,4,4,5,445,
12361,2,5,1,251,Fresh_Visitors
12362,5,1,5,515,Recent_Rich_Customers
12363,3,5,1,351,
12364,5,4,5,545,
12365,2,4,5,245,
12367,5,5,1,551,
12370,4,4,5,445,
12371,5,5,5,555,Champions
12372,4,4,5,445,
12373,1,5,1,151,Potential_Loyalists
12374,5,5,2,552,
12375,5,4,1,541,
12377,1,5,5,155,
12378,3,5,5,355,
12379,4,4,2,442,
12380,5,3,5,535,
12381,5,3,5,535,
12383,3,3,5,335,
12384,5,4,2,542,
12386,1,5,1,151,Potential_Loyalists
12388,5,3,5,535,
12390,4,5,2,452,
12391,5,5,3,553,
12393,4,4,5,445,
12394,4,5,3,453,
12395,5,1,5,515,Recent_Rich_Customers
12397,5,5,5,555,Champions
12398,5,5,5,555,Champions
12399,3,4,5,345,
12401,1,5,1,151,Potential_Loyalists
12402,1,5,1,151,Potential_Loyalists
12403,4,5,1,451,Promising
12405,3,5,5,355,
12406,5,4,5,545,
12407,4,3,5,435,
12408,5,1,5,515,Recent_Rich_Customers
12409,4,2,5,425,
12410,1,4,2,142,
12412,4,4,5,445,
12413,4,3,3,433,
12414,2,4,2,242,
12415,5,1,5,515,Recent_Rich_Customers
12417,5,1,5,515,Recent_Rich_Customers
12418,3,5,2,352,
12420,4,5,2,452,
12421,5,3,4,534,
12422,4,4,2,442,
12423,5,1,5,515,Recent_Rich_Customers
12424,3,5,3,353,
12425,4,5,2,452,
12426,3,5,2,352,
12427,5,3,5,535,
12428,5,1,5,515,Recent_Rich_Customers
12429,5,4,5,545,
12430,5,5,1,551,
12431,5,1,5,515,Recent_Rich_Customers
12432,5,3,5,535,
12433,5,2,5,525,
12434,4,4,4,444,Need_Attention
12435,4,5,5,455,
12436,3,5,1,351,
12437,5,1,5,515,Recent_Rich_Customers
12438,5,5,5,555,Champions
12441,1,5,1,151,Potential_Loyalists
12442,5,5,1,551,
12444,5,3,5,535,
12445,5,5,1,551,
12446,4,5,4,454,
12447,2,5,1,251,Fresh_Visitors
12448,5,5,2,552,
12449,5,4,5,545,
12450,3,5,1,351,
12451,5,3,5,535,
12452,5,4,1,541,
12453,3,5,2,352,
12454,4,5,5,455,
12455,4,3,5,435,
12456,5,4,5,545,
12457,4,1,5,415,
12458,4,5,4,454,
12461,4,5,2,452,
12462,5,4,5,545,
12463,5,2,5,525,
12464,5,2,2,522,
12465,5,4,3,543,
12468,3,4,2,342,
12471,5,1,5,515,Recent_Rich_Customers
12472,5,1,5,515,Recent_Rich_Customers
12473,5,1,5,515,Recent_Rich_Customers
12474,5,1,5,515,Recent_Rich_Customers
12475,4,5,3,453,
12476,5,1,5,515,Recent_Rich_Customers
12477,5,1,5,515,Recent_Rich_Customers
12478,5,5,2,552,
12479,5,4,2,542,
12480,5,4,5,545,
12481,5,1,5,515,Recent_Rich_Customers
12483,5,1,5,515,Recent_Rich_Customers
12484,5,2,5,525,
12488,5,4,5,545,
12489,1,5,1,151,Potential_Loyalists
12490,5,1,5,515,Recent_Rich_Customers
12491,5,5,1,551,
12492,4,5,1,451,Promising
12493,3,4,1,341,
12494,5,1,5,515,Recent_Rich_Customers
12497,4,5,2,452,
12498,5,4,1,541,
12500,5,1,5,515,Recent_Rich_Customers
12501,1,5,5,155,
12502,4,3,5,435,
12503,1,5,1,151,Potential_Loyalists
12504,5,4,1,541,
12505,1,5,1,151,Potential_Loyalists
12506,2,5,1,251,Fresh_Visitors
12507,3,4,4,344,About_toSleep
12508,5,5,2,552,
12509,2,5,1,251,Fresh_Visitors
12510,3,5,2,352,
12512,4,5,1,451,Promising
12513,4,5,2,452,
12514,2,5,3,253,
12515,1,5,1,151,Potential_Loyalists
12516,4,5,3,453,
12517,5,3,5,535,
12518,5,3,5,535,
12519,4,5,1,451,Promising
12520,4,3,5,435,
12521,3,5,2,352,
12522,5,5,1,551,
12523,5,1,5,515,Recent_Rich_Customers
12524,5,2,5,525,
12526,5,4,5,545,
12527,4,4,1,441,
12528,5,2,5,525,
12530,4,3,5,435,
12531,5,5,1,551,
12532,5,5,1,551,
12534,3,5,5,355,
12535,4,5,2,452,
12536,5,3,5,535,
12538,5,5,1,551,
12539,5,3,5,535,
12540,5,1,5,515,Recent_Rich_Customers
12541,5,4,5,545,
12544,5,5,1,551,
12545,4,5,4,454,
12546,5,4,5,545,
12547,2,5,1,251,Fresh_Visitors
12548,3,5,1,351,
12550,4,5,4,454,
12551,1,5,1,151,Potential_Loyalists
12552,5,5,1,551,
12553,5,1,5,515,Recent_Rich_Customers
12556,4,5,5,455,
12557,5,3,5,535,
12558,5,5,1,551,
12559,1,4,1,141,
12560,5,4,5,545,
12561,1,5,1,151,Potential_Loyalists
12562,5,2,5,525,
12564,2,5,1,251,Fresh_Visitors
12565,2,5,1,251,Fresh_Visitors
12566,4,5,1,451,Promising
12567,5,1,5,515,Recent_Rich_Customers
12569,5,1,5,515,Recent_Rich_Customers
12571,5,5,1,551,
12572,5,4,5,545,
12573,2,5,1,251,Fresh_Visitors
12574,1,5,1,151,Potential_Loyalists
12576,5,3,5,535,
12577,5,4,5,545,
12578,5,4,5,545,
12579,4,4,2,442,
12580,2,5,1,251,Fresh_Visitors
12581,5,5,1,551,
12582,2,5,2,252,
12583,5,1,5,515,Recent_Rich_Customers
12584,5,1,5,515,Recent_Rich_Customers
12585,2,4,5,245,
12586,5,5,1,551,
12587,5,5,1,551,
12588,5,5,1,551,
12589,5,5,2,552,
12590,3,4,5,345,
12591,1,5,1,151,Potential_Loyalists
12592,4,5,1,451,Promising
12593,3,4,1,341,
12594,5,1,5,515,Recent_Rich_Customers
12596,4,5,3,453,
12597,5,3,5,535,
12598,5,1,5,515,Recent_Rich_Customers
12599,5,2,5,525,
12600,5,1,5,515,Recent_Rich_Customers
12601,3,3,2,332,
12602,4,5,1,451,Promising
12603,5,5,1,551,
12604,4,5,1,451,Promising
12605,1,5,1,151,Potential_Loyalists
12607,4,5,5,455,
12609,4,4,5,445,
12610,5,2,5,525,
12611,4,5,5,455,
12612,4,5,1,451,Promising
12613,5,3,5,535,
12614,2,5,1,251,Fresh_Visitors
12615,5,4,5,545,
12616,4,3,2,432,
12617,5,5,1,551,
12618,5,5,1,551,
12619,5,1,5,515,Recent_Rich_Customers
12620,5,4,5,545,
12621,5,1,5,515,Recent_Rich_Customers
12622,2,5,1,251,Fresh_Visitors
12623,2,5,1,251,Fresh_Visitors
12624,3,5,2,352,
12625,2,4,5,245,
12626,5,1,5,515,Recent_Rich_Customers
12627,5,2,5,525,
12628,5,4,3,543,
12630,5,5,5,555,Champions
12631,4,5,2,452,
12633,4,3,5,435,
12635,4,5,5,455,
12637,4,1,5,415,
12638,5,5,3,553,
12639,2,5,1,251,Fresh_Visitors
12640,5,4,4,544,
12641,3,5,1,351,
12642,5,4,4,544,
12643,3,3,5,335,
12644,3,5,2,352,
12645,5,3,5,535,
12646,5,5,4,554,Loyal_Customers
12647,5,1,5,515,Recent_Rich_Customers
12648,3,5,1,351,
12649,3,4,2,342,
12650,5,5,1,551,
12651,1,5,1,151,Potential_Loyalists
12652,1,5,3,153,
12653,3,5,4,354,
12654,5,3,2,532,
12656,5,2,5,525,
12657,5,3,5,535,
12658,5,5,2,552,
12659,5,5,1,551,
12660,5,5,1,551,
12662,5,1,5,515,Recent_Rich_Customers
12664,5,1,5,515,Recent_Rich_Customers
12665,1,5,1,151,Potential_Loyalists
12666,1,5,1,151,Potential_Loyalists
12667,4,5,2,452,
12668,5,3,5,535,
12669,3,4,5,345,
12670,5,3,5,535,
12672,1,5,1,151,Potential_Loyalists
12673,5,5,2,552,
12674,5,2,5,525,
12676,5,3,5,535,
12678,5,1,5,515,Recent_Rich_Customers
12679,4,1,5,415,
12680,5,4,4,544,
12681,5,1,5,515,Recent_Rich_Customers
12682,5,1,5,515,Recent_Rich_Customers
12683,5,1,5,515,Recent_Rich_Customers
12684,5,2,5,525,
12685,5,3,5,535,
12686,1,5,1,151,Potential_Loyalists
12688,3,5,5,355,
12689,5,5,5,555,Champions
12690,2,5,1,251,Fresh_Visitors
12691,5,3,3,533,
12693,3,3,3,333,At_Risk
12694,4,5,3,453,
12695,5,4,2,542,
12697,5,3,5,535,
12700,5,3,5,535,
12701,4,5,5,455,
12702,5,5,1,551,
12703,4,5,1,451,Promising
12704,5,1,5,515,Recent_Rich_Customers
12705,5,1,5,515,Recent_Rich_Customers
12707,2,5,2,252,
12708,5,1,5,515,Recent_Rich_Customers
12709,5,1,5,515,Recent_Rich_Customers
12710,4,4,5,445,
12712,5,1,5,515,Recent_Rich_Customers
12713,5,5,2,552,
12714,5,3,5,535,
12715,3,5,1,351,
12716,5,5,5,555,Champions
12717,3,4,5,345,
12718,4,5,1,451,Promising
12719,5,4,3,543,
12720,5,1,5,515,Recent_Rich_Customers
12721,5,2,5,525,
12722,4,3,5,435,
12723,5,3,4,534,
12724,5,4,4,544,
12725,1,5,1,151,Potential_Loyalists
12726,5,2,5,525,
12727,5,1,5,515,Recent_Rich_Customers
12728,4,4,4,444,Need_Attention
12729,3,5,1,351,
12731,5,1,5,515,Recent_Rich_Customers
12732,3,5,1,351,
12733,2,5,1,251,Fresh_Visitors
12734,1,5,1,151,Potential_Loyalists
12735,1,5,4,154,
12736,1,5,1,151,Potential_Loyalists
12738,1,5,1,151,Potential_Loyalists
12739,4,5,3,453,
12740,4,5,1,451,Promising
12743,3,5,5,355,
12744,4,1,5,415,
12747,5,1,5,515,Recent_Rich_Customers
12748,5,1,5,515,Recent_Rich_Customers
12749,5,2,5,525,
12750,3,5,1,351,
12752,4,5,5,455,
12753,5,1,5,515,Recent_Rich_Customers
12754,2,3,5,235,
12755,2,4,4,244,
12756,4,5,1,451,Promising
12757,5,1,5,515,Recent_Rich_Customers
12758,3,5,5,355,
12759,4,4,5,445,
12762,5,5,5,555,Champions
12763,3,5,1,351,
12764,1,5,4,154,
12766,5,2,5,525,
12769,2,5,2,252,
12770,2,5,1,251,Fresh_Visitors
12772,4,5,5,455,
12775,5,3,5,535,
12778,5,2,5,525,
12779,5,1,5,515,Recent_Rich_Customers
12781,5,3,3,533,
12782,5,3,5,535,
12783,5,2,5,525,
12784,5,5,2,552,
12785,5,5,1,551,
12787,5,4,1,541,
12789,4,5,1,451,Promising
12790,3,5,1,351,
12791,1,5,1,151,Potential_Loyalists
12792,2,5,1,251,Fresh_Visitors
12793,1,5,2,152,
12794,4,5,3,453,
12795,5,5,1,551,
12797,1,4,1,141,
12798,5,4,2,542,
12802,3,5,1,351,
12808,5,4,1,541,
12809,3,5,1,351,
12811,2,4,2,242,
12812,5,5,1,551,
12814,3,5,1,351,
12815,3,5,4,354,
12816,4,5,2,452,
12817,2,5,1,251,Fresh_Visitors
12818,3,5,4,354,
12820,5,4,4,544,
12821,2,5,1,251,Fresh_Visitors
12822,4,4,3,443,
12823,4,3,1,431,
12824,4,5,1,451,Promising
12826,5,2,5,525,
12827,5,4,1,541,
12828,5,3,4,534,
12829,1,4,3,143,
12830,5,2,5,525,
12831,2,5,1,251,Fresh_Visitors
12832,5,5,1,551,
12833,3,5,1,351,
12834,2,5,1,251,Fresh_Visitors
12836,4,4,5,445,
12837,3,5,1,351,
12838,5,5,4,554,Loyal_Customers
12839,5,1,5,515,Recent_Rich_Customers
12840,3,3,5,335,
12841,5,1,5,515,Recent_Rich_Customers
12842,4,5,3,453,
12843,4,1,5,415,
12844,5,5,1,551,
12845,2,4,1,241,
12847,5,5,5,555,Champions
12849,5,5,4,554,Loyal_Customers
12851,4,5,1,451,Promising
12852,2,5,1,251,Fresh_Visitors
12853,3,1,5,315,
12854,4,3,5,435,
12855,1,5,1,151,Potential_Loyalists
12856,5,2,5,525,
12857,2,5,3,253,
12863,4,5,1,451,Promising
12864,3,5,1,351,
12865,5,4,5,545,
12866,2,5,1,251,Fresh_Visitors
12867,5,1,5,515,Recent_Rich_Customers
12868,3,3,5,335,
12870,1,5,1,151,Potential_Loyalists
12871,4,5,1,451,Promising
12872,1,5,2,152,
12873,2,5,1,251,Fresh_Visitors
12875,3,5,1,351,
12876,4,5,5,455,
12877,5,1,5,515,Recent_Rich_Customers
12878,5,4,3,543,
12879,5,4,1,541,
12881,2,5,1,251,Fresh_Visitors
12882,5,5,1,551,
12883,5,4,2,542,
12884,4,5,1,451,Promising
12885,4,4,5,445,
12886,4,4,5,445,
12888,2,4,1,241,
12890,5,5,2,552,
12891,3,4,1,341,
12893,5,5,1,551,
12895,5,4,1,541,
12897,2,5,1,251,Fresh_Visitors
12901,5,1,5,515,Recent_Rich_Customers
12902,2,5,1,251,Fresh_Visitors
12904,5,5,3,553,
12906,5,3,5,535,
12908,4,4,1,441,
12909,5,2,5,525,
12910,5,2,5,525,
12912,5,3,2,532,
12913,5,3,5,535,
12915,3,5,1,351,
12916,3,3,5,335,
12917,3,5,1,351,
12919,5,2,4,524,
12920,5,5,1,551,
12921,5,1,5,515,Recent_Rich_Customers
12922,3,5,1,351,
12923,4,5,1,451,Promising
12924,4,3,2,432,
12925,5,5,3,553,
12928,5,3,5,535,
12929,3,5,1,351,
12930,4,4,1,441,
12931,5,1,5,515,Recent_Rich_Customers
12933,5,4,5,545,
12935,5,2,5,525,
12936,5,3,3,533,
12937,5,4,5,545,
12938,5,5,1,551,
12939,4,2,5,425,
12940,5,4,5,545,
12942,3,4,3,343,
12943,1,5,1,151,Potential_Loyalists
12944,5,5,2,552,
12945,2,5,1,251,Fresh_Visitors
12947,3,1,5,315,
12948,5,2,5,525,
12949,5,1,5,515,Recent_Rich_Customers
12950,5,4,2,542,
12951,5,2,4,524,
12952,5,3,5,535,
12953,5,5,1,551,
12955,5,1,5,515,Recent_Rich_Customers
12956,1,5,1,151,Potential_Loyalists
12957,5,1,5,515,Recent_Rich_Customers
12962,5,5,1,551,
12963,5,1,5,515,Recent_Rich_Customers
12965,4,5,5,455,
12966,5,5,1,551,
12967,5,4,5,545,
12968,3,5,1,351,
12970,5,4,4,544,
12971,5,1,5,515,Recent_Rich_Customers
12974,2,5,1,251,Fresh_Visitors
12976,2,5,1,251,Fresh_Visitors
12977,3,5,1,351,
12980,3,1,5,315,
12981,5,5,1,551,
12982,2,5,1,251,Fresh_Visitors
12984,5,5,1,551,
12985,5,4,5,545,
12987,4,4,2,442,
12988,2,5,2,252,
12989,5,1,5,515,Recent_Rich_Customers
12990,5,4,1,541,
12991,5,5,2,552,
12993,5,4,1,541,
12994,5,3,5,535,
12995,4,5,1,451,Promising
12997,5,2,5,525,
12999,3,4,1,341,
13000,3,4,2,342,
13001,5,1,5,515,Recent_Rich_Customers
13002,1,5,1,151,Potential_Loyalists
13003,3,4,1,341,
13004,5,1,5,515,Recent_Rich_Customers
13005,3,4,2,342,
13006,4,5,1,451,Promising
13008,1,5,1,151,Potential_Loyalists
13011,1,5,1,151,Potential_Loyalists
13012,5,1,5,515,Recent_Rich_Customers
13013,5,1,5,515,Recent_Rich_Customers
13014,5,1,5,515,Recent_Rich_Customers
13015,4,3,5,435,
13016,4,4,3,443,
13017,5,5,1,551,
13018,5,1,5,515,Recent_Rich_Customers
13021,5,1,5,515,Recent_Rich_Customers
13023,4,5,2,452,
13026,5,2,3,523,
13027,3,3,5,335,
13028,5,4,2,542,
13029,5,4,1,541,
13030,5,5,5,555,Champions
13032,5,4,4,544,
13033,1,5,1,151,Potential_Loyalists
13034,4,5,2,452,
13035,4,4,2,442,
13037,3,4,3,343,
13038,4,4,2,442,
13040,5,5,2,552,
13043,2,5,1,251,Fresh_Visitors
13044,2,5,2,252,
13045,3,5,1,351,
13046,5,5,3,553,
13047,5,1,5,515,Recent_Rich_Customers
13048,5,3,5,535,
13049,4,5,1,451,Promising
13050,5,1,5,515,Recent_Rich_Customers
13052,2,5,1,251,Fresh_Visitors
13055,4,4,5,445,
13058,5,4,1,541,
13059,2,5,1,251,Fresh_Visitors
13060,2,5,1,251,Fresh_Visitors
13061,4,5,1,451,Promising
13062,3,5,1,351,
13064,5,4,5,545,
13065,1,5,1,151,Potential_Loyalists
13066,5,4,3,543,
13067,4,5,1,451,Promising
13068,5,5,1,551,
13069,5,1,5,515,Recent_Rich_Customers
13070,3,5,1,351,
13072,2,5,1,251,Fresh_Visitors
13075,3,5,1,351,
13077,5,4,5,545,
13078,5,1,5,515,Recent_Rich_Customers
13079,5,3,1,531,
13080,3,5,1,351,
13081,5,1,5,515,Recent_Rich_Customers
13082,3,1,5,315,
13083,5,5,1,551,
13085,3,4,2,342,
13089,5,1,5,515,Recent_Rich_Customers
13090,5,1,5,515,Recent_Rich_Customers
13091,5,5,1,551,
13092,4,3,2,432,
13093,2,1,5,215,
13094,5,1,3,513,
13095,4,5,1,451,Promising
13097,5,1,5,515,Recent_Rich_Customers
13098,5,1,5,515,Recent_Rich_Customers
13099,3,5,1,351,
13101,2,5,1,251,Fresh_Visitors
13102,5,1,5,515,Recent_Rich_Customers
13103,5,5,1,551,
13104,5,3,1,531,
13106,3,5,1,351,
13107,5,3,5,535,
13108,1,5,1,151,Potential_Loyalists
13109,5,3,3,533,
13110,5,2,5,525,
13113,5,1,5,515,Recent_Rich_Customers
13115,5,1,5,515,Recent_Rich_Customers
13116,3,5,2,352,
13117,5,2,5,525,
13118,5,2,5,525,
13120,2,5,1,251,Fresh_Visitors
13121,2,5,1,251,Fresh_Visitors
13122,4,5,4,454,
13124,4,4,5,445,
13126,5,1,5,515,Recent_Rich_Customers
13127,4,5,1,451,Promising
13130,4,5,1,451,Promising
13131,5,4,3,543,
13132,2,5,1,251,Fresh_Visitors
13133,2,5,1,251,Fresh_Visitors
13134,4,2,5,425,
13135,3,5,1,351,
13136,4,1,5,415,
13137,5,1,5,515,Recent_Rich_Customers
13138,5,3,4,534,
13139,5,2,5,525,
13140,3,4,1,341,
13141,4,3,5,435,
13142,5,5,1,551,
13144,1,5,1,151,Potential_Loyalists
13145,5,3,2,532,
13146,5,5,1,551,
13147,5,4,1,541,
13148,5,1,5,515,Recent_Rich_Customers
13149,5,4,5,545,
13151,2,5,5,255,
13153,5,5,1,551,
13154,3,5,1,351,
13155,5,4,5,545,
13157,4,3,5,435,
13158,4,4,5,445,
13159,5,3,5,535,
13160,5,5,1,551,
13161,1,5,1,151,Potential_Loyalists
13162,3,3,5,335,
13165,5,5,2,552,
13166,2,5,1,251,Fresh_Visitors
13167,5,4,5,545,
13168,5,3,5,535,
13169,4,5,1,451,Promising
13170,5,5,1,551,
13171,5,3,2,532,
13173,5,5,2,552,
13174,5,4,5,545,
13176,5,5,4,554,Loyal_Customers
13177,4,5,1,451,Promising
13178,5,1,5,515,Recent_Rich_Customers
13182,5,5,1,551,
13183,5,1,5,515,Recent_Rich_Customers
13184,5,1,5,515,Recent_Rich_Customers
13185,2,5,1,251,Fresh_Visitors
13186,5,3,5,535,
13187,1,5,1,151,Potential_Loyalists
13188,5,5,1,551,
13189,5,5,1,551,
13192,4,5,4,454,
13193,4,5,1,451,Promising
13194,3,5,1,351,
13196,5,4,5,545,
13198,5,2,5,525,
13199,5,1,5,515,Recent_Rich_Customers
13200,5,4,3,543,
13203,5,4,4,544,
13207,5,5,1,551,
13208,4,2,5,425,
13209,5,1,5,515,Recent_Rich_Customers
13210,4,5,1,451,Promising
13211,5,4,3,543,
13212,5,4,5,545,
13213,4,3,5,435,
13216,2,5,1,251,Fresh_Visitors
13217,3,3,1,331,
13218,3,5,1,351,
13220,4,4,1,441,
13221,2,5,3,253,
13223,2,5,1,251,Fresh_Visitors
13224,4,4,5,445,
13225,5,2,5,525,
13226,2,5,1,251,Fresh_Visitors
13227,2,5,1,251,Fresh_Visitors
13228,4,5,1,451,Promising
13229,2,5,1,251,Fresh_Visitors
13230,5,1,5,515,Recent_Rich_Customers
13232,5,2,5,525,
13233,4,5,2,452,
13235,2,5,5,255,
13236,5,4,3,543,
13238,5,3,2,532,
13239,2,5,1,251,Fresh_Visitors
13240,4,4,3,443,
13242,3,4,1,341,
13243,2,5,2,252,
13244,4,5,1,451,Promising
13245,4,5,1,451,Promising
13246,5,2,5,525,
13247,5,4,1,541,
13248,3,5,1,351,
13249,4,4,2,442,
13253,3,5,3,353,
13255,5,4,1,541,
13256,5,5,1,551,
13258,5,4,2,542,
13259,4,5,1,451,Promising
13260,4,5,1,451,Promising
13261,2,5,1,251,Fresh_Visitors
13262,2,5,1,251,Fresh_Visitors
13263,5,1,5,515,Recent_Rich_Customers
13265,4,3,5,435,
13266,5,1,5,515,Recent_Rich_Customers
13267,5,1,5,515,Recent_Rich_Customers
13268,5,1,5,515,Recent_Rich_Customers
13269,5,1,5,515,Recent_Rich_Customers
13270,1,5,1,151,Potential_Loyalists
13271,5,5,2,552,
13272,5,5,1,551,
13273,3,5,1,351,
13276,4,5,1,451,Promising
13277,5,4,1,541,
13278,5,5,2,552,
13279,4,5,1,451,Promising
13280,3,4,5,345,
13282,5,3,3,533,
13283,4,5,1,451,Promising
13284,1,5,1,151,Potential_Loyalists
13285,5,4,5,545,
13291,3,5,1,351,
13292,5,5,2,552,
13294,3,5,4,354,
13295,1,5,1,151,Potential_Loyalists
13296,3,5,1,351,
13297,5,4,5,545,
13298,5,5,1,551,
13299,2,5,1,251,Fresh_Visitors
13300,3,5,1,351,
13301,3,4,3,343,
13302,3,5,1,351,
13304,1,5,1,151,Potential_Loyalists
13305,5,1,5,515,Recent_Rich_Customers
13307,3,5,1,351,
13308,5,4,5,545,
13309,5,3,5,535,
13310,5,3,5,535,
13311,5,5,2,552,
13313,5,3,5,535,
13314,5,4,5,545,
13316,5,3,5,535,
13317,4,1,5,415,
13318,5,4,1,541,
13319,5,1,5,515,Recent_Rich_Customers
13320,4,3,5,435,
13321,4,5,1,451,Promising
13322,5,5,1,551,
13323,5,3,1,531,
13324,5,1,5,515,Recent_Rich_Customers
13325,4,5,1,451,Promising
13327,5,1,5,515,Recent_Rich_Customers
13328,1,5,1,151,Potential_Loyalists
13329,5,4,1,541,
13330,4,4,3,443,
13332,5,5,1,551,
13334,4,4,5,445,
13336,4,5,3,453,
13338,3,4,2,342,
13339,2,5,4,254,
13340,5,2,5,525,
13341,2,5,2,252,
13343,3,5,1,351,
13344,4,4,5,445,
13345,2,5,1,251,Fresh_Visitors
13347,4,5,1,451,Promising
13348,4,5,1,451,Promising
13349,5,5,1,551,
13350,5,4,5,545,
13351,4,5,1,451,Promising
13352,5,5,2,552,
13354,4,5,3,453,
13355,3,5,2,352,
13356,4,5,3,453,
13357,2,5,4,254,
13358,2,5,2,252,
13359,4,5,1,451,Promising
13362,5,3,5,535,
13363,5,5,5,555,Champions
13364,4,5,1,451,Promising
13365,5,4,5,545,
13366,4,5,1,451,Promising
13368,2,5,2,252,
13369,1,5,1,151,Potential_Loyalists
13370,1,5,3,153,
13372,4,5,1,451,Promising
13373,4,4,5,445,
13375,4,5,2,452,
13376,3,4,5,345,
13379,5,4,4,544,
13381,5,2,5,525,
13382,2,5,1,251,Fresh_Visitors
13384,5,1,5,515,Recent_Rich_Customers
13385,1,5,2,152,
13388,3,4,3,343,
13389,5,4,4,544,
13390,4,5,1,451,Promising
13391,2,5,1,251,Fresh_Visitors
13394,5,1,5,515,Recent_Rich_Customers
13395,3,5,1,351,
13396,5,4,5,545,
13397,4,3,3,433,
13398,3,5,1,351,
13402,3,5,2,352,
13403,5,5,1,551,
13404,5,5,1,551,
13405,4,4,1,441,
13408,5,1,5,515,Recent_Rich_Customers
13410,5,2,2,522,
13411,3,5,1,351,
13414,3,4,3,343,
13416,5,5,1,551,
13417,5,5,2,552,
13418,5,1,5,515,Recent_Rich_Customers
13419,4,5,1,451,Promising
13420,3,4,1,341,
13421,5,4,5,545,
13422,4,5,5,455,
13425,3,4,5,345,
13426,5,1,5,515,Recent_Rich_Customers
13427,5,4,1,541,
13428,5,5,1,551,
13429,5,4,5,545,
13430,5,4,3,543,
13431,4,5,4,454,
13434,4,5,1,451,Promising
13435,5,1,5,515,Recent_Rich_Customers
13436,5,5,1,551,
13437,5,2,5,525,
13439,2,5,1,251,Fresh_Visitors
13441,4,5,1,451,Promising
13447,5,4,5,545,
13448,5,1,5,515,Recent_Rich_Customers
13449,5,5,1,551,
13450,5,3,5,535,
13451,5,3,5,535,
13452,2,5,1,251,Fresh_Visitors
13453,3,5,1,351,
13455,5,4,4,544,
13456,5,2,5,525,
13458,5,1,5,515,Recent_Rich_Customers
13460,5,5,1,551,
13461,5,4,2,542,
13462,3,5,1,351,
13464,4,5,2,452,
13466,3,5,1,351,
13467,5,5,5,555,Champions
13468,5,1,5,515,Recent_Rich_Customers
13470,3,5,1,351,
13471,5,4,5,545,
13473,4,4,1,441,
13474,2,5,1,251,Fresh_Visitors
13475,3,4,5,345,
13476,3,4,5,345,
13477,5,2,5,525,
13479,2,4,1,241,
13481,5,2,5,525,
13482,2,5,1,251,Fresh_Visitors
13483,4,5,1,451,Promising
13484,2,5,1,251,Fresh_Visitors
13485,2,5,1,251,Fresh_Visitors
13486,4,4,5,445,
13487,4,4,2,442,
13488,5,1,5,515,Recent_Rich_Customers
13489,3,4,1,341,
13491,4,1,5,415,
13492,3,4,4,344,About_toSleep
13493,2,5,2,252,
13494,1,5,1,151,Potential_Loyalists
13495,5,3,5,535,
13496,5,4,2,542,
13497,2,4,1,241,
13499,5,2,5,525,
13500,5,4,5,545,
13501,2,5,5,255,
13502,5,4,1,541,
13503,4,5,1,451,Promising
13504,4,5,1,451,Promising
13505,4,2,5,425,
13506,1,4,1,141,
13507,5,4,5,545,
13508,2,5,1,251,Fresh_Visitors
13509,5,2,3,523,
13510,5,3,5,535,
13512,2,5,1,251,Fresh_Visitors
13513,3,5,1,351,
13514,4,5,1,451,Promising
13515,4,4,4,444,Need_Attention
13516,5,4,5,545,
13517,4,3,5,435,
13518,4,5,2,452,
13519,4,5,1,451,Promising
13520,4,2,5,425,
13521,5,4,5,545,
13522,5,5,1,551,
13523,5,3,5,535,
13524,5,3,2,532,
13525,5,5,1,551,
13527,5,2,5,525,
13529,4,5,1,451,Promising
13531,2,5,1,251,Fresh_Visitors
13532,5,5,1,551,
13533,3,4,2,342,
13534,5,1,5,515,Recent_Rich_Customers
13536,5,2,5,525,
13538,5,2,2,522,
13539,4,4,2,442,
13544,5,5,2,552,
13546,5,4,3,543,
13548,4,5,5,455,
13549,5,2,4,524,
13551,1,5,1,151,Potential_Loyalists
13552,4,1,5,415,
13555,4,4,5,445,
13557,5,5,2,552,
13558,5,4,5,545,
13560,5,5,1,551,
13561,2,5,1,251,Fresh_Visitors
13562,4,4,5,445,
13563,4,5,4,454,
13564,3,3,5,335,
13565,5,5,1,551,
13566,5,5,5,555,Champions
13568,3,5,1,351,
13569,5,5,2,552,
13570,2,5,1,251,Fresh_Visitors
13571,5,1,5,515,Recent_Rich_Customers
13572,2,5,3,253,
13573,4,5,2,452,
13575,5,3,2,532,
13576,5,1,5,515,Recent_Rich_Customers
13577,5,3,5,535,
13579,5,5,1,551,
13581,1,5,1,151,Potential_Loyalists
13583,3,5,3,353,
13584,1,5,1,151,Potential_Loyalists
13587,5,4,1,541,
13588,5,1,5,515,Recent_Rich_Customers
13589,5,5,1,551,
13590,5,2,5,525,
13591,4,4,5,445,
13592,5,4,1,541,
13593,3,3,5,335,
13594,4,5,1,451,Promising
13596,5,5,5,555,Champions
13598,4,5,1,451,Promising
13599,5,1,5,515,Recent_Rich_Customers
13600,1,5,1,151,Potential_Loyalists
13601,5,5,4,554,Loyal_Customers
13602,4,5,1,451,Promising
13603,5,5,1,551,
13606,5,4,2,542,
13607,5,5,4,554,Loyal_Customers
13610,5,1,5,515,Recent_Rich_Customers
13611,4,4,5,445,
13614,5,4,5,545,
13615,1,5,1,151,Potential_Loyalists
13617,5,4,2,542,
13618,3,5,1,351,
13621,3,5,1,351,
13623,5,2,4,524,
13626,2,5,1,251,Fresh_Visitors
13627,4,2,5,425,
13629,5,1,5,515,Recent_Rich_Customers
13630,5,1,5,515,Recent_Rich_Customers
13631,3,1,2,312,
13632,5,3,5,535,
13634,5,3,5,535,
13635,4,5,4,454,
13636,5,3,5,535,
13637,4,4,4,444,Need_Attention
13638,5,5,1,551,
13639,4,5,2,452,
13642,2,5,2,252,
13643,5,4,1,541,
13644,5,3,5,535,
13645,3,5,1,351,
13647,5,3,5,535,
13649,2,5,1,251,Fresh_Visitors
13650,5,2,5,525,
13651,5,5,1,551,
13652,5,4,5,545,
13654,5,3,5,535,
13655,3,5,5,355,
13656,3,5,2,352,
13657,5,5,1,551,
13658,5,2,5,525,
13659,2,4,5,245,
13662,4,2,4,424,
13663,3,5,1,351,
13666,4,4,1,441,
13667,3,5,2,352,
13668,5,1,5,515,Recent_Rich_Customers
13669,4,5,1,451,Promising
13670,4,5,1,451,Promising
13672,1,3,1,131,
13673,5,5,1,551,
13675,3,5,1,351,
13678,3,5,1,351,
13680,5,3,5,535,
13681,5,4,3,543,
13682,3,5,1,351,
13684,2,5,1,251,Fresh_Visitors
13685,5,2,5,525,
13686,3,5,1,351,
13689,4,5,1,451,Promising
13690,4,5,1,451,Promising
13692,5,3,5,535,
13693,1,5,1,151,Potential_Loyalists
13694,5,1,5,515,Recent_Rich_Customers
13695,5,1,5,515,Recent_Rich_Customers
13697,5,5,1,551,
13699,3,5,1,351,
13700,5,1,5,515,Recent_Rich_Customers
13703,1,5,1,151,Potential_Loyalists
13704,5,1,5,515,Recent_Rich_Customers
13705,5,4,3,543,
13706,1,5,1,151,Potential_Loyalists
13707,2,5,3,253,
13708,2,5,2,252,
13709,5,1,5,515,Recent_Rich_Customers
13710,5,5,1,551,
13711,2,5,1,251,Fresh_Visitors
13712,2,5,1,251,Fresh_Visitors
13715,2,2,5,225,
13716,2,5,1,251,Fresh_Visitors
13717,5,2,5,525,
13718,2,5,1,251,Fresh_Visitors
13719,5,3,5,535,
13720,3,4,3,343,
13721,5,5,1,551,
13722,3,4,5,345,
13723,2,5,1,251,Fresh_Visitors
13725,4,1,5,415,
13726,5,5,2,552,
13727,5,5,1,551,
13728,5,3,5,535,
13730,3,5,3,353,
13731,2,5,2,252,
13732,5,5,1,551,
13735,5,2,5,525,
13736,5,4,5,545,
13737,2,5,1,251,Fresh_Visitors
13739,5,5,1,551,
13740,2,5,1,251,Fresh_Visitors
13741,4,4,2,442,
13742,5,1,5,515,Recent_Rich_Customers
13743,5,2,4,524,
13744,4,5,5,455,
13745,3,5,1,351,
13747,1,5,1,151,Potential_Loyalists
13748,4,3,2,432,
13750,4,3,3,433,
13751,2,5,1,251,Fresh_Visitors
13752,3,3,5,335,
13753,2,5,2,252,
13754,3,5,1,351,
13755,5,1,5,515,Recent_Rich_Customers
13756,5,1,5,515,Recent_Rich_Customers
13758,5,2,5,525,
13759,5,5,1,551,
13760,4,5,1,451,Promising
13761,4,5,5,455,
13762,2,5,1,251,Fresh_Visitors
13763,4,4,2,442,
13764,4,4,5,445,
13767,5,1,5,515,Recent_Rich_Customers
13769,5,1,5,515,Recent_Rich_Customers
13771,4,3,5,435,
13772,5,4,5,545,
13774,4,5,1,451,Promising
13777,5,1,5,515,Recent_Rich_Customers
13778,3,5,1,351,
13780,5,5,2,552,
13781,2,5,1,251,Fresh_Visitors
13782,5,3,5,535,
13784,5,1,5,515,Recent_Rich_Customers
13786,1,5,1,151,Potential_Loyalists
13787,4,5,1,451,Promising
13790,5,5,1,551,
13791,5,4,2,542,
13792,4,5,1,451,Promising
13798,5,1,5,515,Recent_Rich_Customers
13799,3,5,2,352,
13800,1,5,2,152,
13801,4,5,1,451,Promising
13802,3,3,5,335,
13803,2,5,1,251,Fresh_Visitors
13804,5,2,5,525,
13805,4,5,1,451,Promising
13806,4,5,1,451,Promising
13807,1,5,1,151,Potential_Loyalists
13808,5,3,5,535,
13809,1,5,1,151,Potential_Loyalists
13810,5,4,5,545,
13811,3,4,2,342,
13812,5,4,2,542,
13813,5,3,5,535,
13814,4,4,5,445,
13815,5,3,5,535,
13816,5,4,2,542,
13817,5,5,1,551,
13819,1,4,3,143,
13821,3,5,2,352,
13822,5,5,4,554,Loyal_Customers
13823,5,5,3,553,
13824,5,3,4,534,
13826,3,5,1,351,
13827,4,4,2,442,
13828,5,5,1,551,
13829,1,5,1,151,Potential_Loyalists
13831,5,3,5,535,
13832,5,5,1,551,
13833,3,5,1,351,
13835,5,4,3,543,
13837,2,5,1,251,Fresh_Visitors
13838,5,4,5,545,
13841,2,5,1,251,Fresh_Visitors
13842,4,1,5,415,
13844,5,5,1,551,
13845,4,5,1,451,Promising
13846,5,4,4,544,
13848,4,4,1,441,
13849,4,5,5,455,
13850,4,5,5,455,
13851,4,4,5,445,
13853,5,5,2,552,
13854,5,1,5,515,Recent_Rich_Customers
13856,3,3,1,331,
13858,4,5,1,451,Promising
13859,1,5,1,151,Potential_Loyalists
13860,5,3,5,535,
13862,5,1,5,515,Recent_Rich_Customers
13863,2,5,1,251,Fresh_Visitors
13865,4,4,1,441,
13866,4,5,1,451,Promising
13867,5,4,5,545,
13868,5,5,5,555,Champions
13869,3,4,5,345,
13870,5,1,5,515,Recent_Rich_Customers
13871,5,1,5,515,Recent_Rich_Customers
13873,3,4,1,341,
13874,1,5,1,151,Potential_Loyalists
13875,4,3,5,435,
13876,4,5,1,451,Promising
13877,4,5,1,451,Promising
13878,4,5,3,453,
13880,5,1,5,515,Recent_Rich_Customers
13881,5,1,5,515,Recent_Rich_Customers
13882,5,3,5,535,
13883,5,1,5,515,Recent_Rich_Customers
13884,5,3,3,533,
13885,3,5,1,351,
13886,4,5,1,451,Promising
13887,2,5,1,251,Fresh_Visitors
13888,3,5,2,352,
13889,4,5,1,451,Promising
13890,5,1,5,515,Recent_Rich_Customers
13892,5,4,2,542,
13893,1,5,1,151,Potential_Loyalists
13894,5,3,2,532,
13895,5,3,5,535,
13897,4,5,1,451,Promising
13898,1,5,1,151,Potential_Loyalists
13899,5,5,1,551,
13900,3,4,3,343,
13901,4,3,5,435,
13904,5,5,1,551,
13908,4,3,5,435,
13911,4,1,5,415,
13914,5,4,2,542,
13917,4,5,1,451,Promising
13918,4,5,3,453,
13919,4,4,2,442,
13922,1,5,1,151,Potential_Loyalists
13923,4,5,1,451,Promising
13924,5,1,5,515,Recent_Rich_Customers
13925,5,3,4,534,
13926,5,5,1,551,
13927,4,5,1,451,Promising
13928,5,4,1,541,
13929,3,4,1,341,
13930,4,5,1,451,Promising
13931,4,4,4,444,Need_Attention
13932,2,5,1,251,Fresh_Visitors
13933,3,5,1,351,
13934,2,5,2,252,
13936,3,5,1,351,
13937,3,5,1,351,
13938,5,5,1,551,
13939,5,4,2,542,
13940,5,4,3,543,
13941,5,2,5,525,
13946,4,4,1,441,
13947,4,5,1,451,Promising
13948,1,5,1,151,Potential_Loyalists
13949,5,3,5,535,
13950,5,3,3,533,
13951,3,4,3,343,
13952,2,4,5,245,
13953,5,2,5,525,
13954,5,4,2,542,
13955,3,5,1,351,
13956,5,3,5,535,
13958,1,5,1,151,Potential_Loyalists
13959,4,4,3,443,
13960,5,5,1,551,
13962,5,5,1,551,
13963,1,4,2,142,
13967,3,5,1,351,
13969,5,1,5,515,Recent_Rich_Customers
13971,5,1,5,515,Recent_Rich_Customers
13972,4,5,1,451,Promising
13973,2,5,1,251,Fresh_Visitors
13974,4,5,1,451,Promising
13975,5,2,5,525,
13976,2,5,1,251,Fresh_Visitors
13978,5,5,1,551,
13979,4,5,3,453,
13980,4,5,1,451,Promising
13982,5,3,5,535,
13983,5,1,5,515,Recent_Rich_Customers
13984,5,3,2,532,
13985,5,1,5,515,Recent_Rich_Customers
13986,5,5,1,551,
13988,5,1,5,515,Recent_Rich_Customers
13989,4,5,5,455,
13990,2,5,1,251,Fresh_Visitors
13991,5,2,5,525,
13992,5,5,1,551,
13993,5,1,5,515,Recent_Rich_Customers
13994,5,3,5,535,
13995,5,3,5,535,
13999,5,1,5,515,Recent_Rich_Customers
14000,2,5,1,251,Fresh_Visitors
14001,5,4,5,545,
14002,3,5,4,354,
14004,5,2,5,525,
14005,5,3,5,535,
14006,3,4,2,342,
14009,2,4,2,242,
14012,2,5,1,251,Fresh_Visitors
14013,3,4,1,341,
14014,4,5,1,451,Promising
14015,4,5,1,451,Promising
14016,3,3,5,335,
14019,5,4,5,545,
14020,5,5,2,552,
14021,3,4,1,341,
14022,2,5,1,251,Fresh_Visitors
14023,5,5,2,552,
14024,3,5,1,351,
14027,4,5,1,451,Promising
14029,4,5,1,451,Promising
14030,5,2,5,525,
14031,5,1,5,515,Recent_Rich_Customers
14032,5,1,5,515,Recent_Rich_Customers
14034,5,4,5,545,
14035,5,3,5,535,
14036,2,5,2,252,
14037,3,5,1,351,
14038,4,4,5,445,
14039,5,5,1,551,
14040,5,1,5,515,Recent_Rich_Customers
14041,2,5,1,251,Fresh_Visitors
14044,5,4,5,545,
14045,3,4,1,341,
14046,2,5,1,251,Fresh_Visitors
14047,5,2,3,523,
14048,2,5,3,253,
14049,5,3,5,535,
14050,5,5,3,553,
14051,5,1,5,515,Recent_Rich_Customers
14052,5,5,1,551,
14053,3,5,1,351,
14054,4,5,1,451,Promising
14055,3,5,1,351,
14056,5,1,5,515,Recent_Rich_Customers
14057,5,1,5,515,Recent_Rich_Customers
14059,2,5,1,251,Fresh_Visitors
14060,5,1,5,515,Recent_Rich_Customers
14062,5,1,5,515,Recent_Rich_Customers
14064,5,2,5,525,
14066,2,5,1,251,Fresh_Visitors
14067,4,5,2,452,
14068,1,5,1,151,Potential_Loyalists
14071,5,1,5,515,Recent_Rich_Customers
14073,5,5,1,551,
14075,5,4,3,543,
14076,3,5,1,351,
14077,5,3,2,532,
14078,3,3,3,333,At_Risk
14079,3,5,1,351,
14080,5,5,1,551,
14081,2,4,5,245,
14082,1,5,1,151,Potential_Loyalists
14083,5,1,5,515,Recent_Rich_Customers
14085,5,1,5,515,Recent_Rich_Customers
14087,5,5,2,552,
14088,5,1,5,515,Recent_Rich_Customers
14089,4,5,1,451,Promising
14090,1,5,1,151,Potential_Loyalists
14092,5,1,5,515,Recent_Rich_Customers
14093,5,5,3,553,
14096,5,1,5,515,Recent_Rich_Customers
14098,5,5,1,551,
14099,5,1,5,515,Recent_Rich_Customers
14100,3,5,1,351,
14101,4,3,5,435,
14102,5,2,5,525,
14104,3,5,1,351,
14105,4,5,5,455,
14107,4,2,5,425,
14108,5,4,2,542,
14109,5,5,1,551,
14110,5,1,5,515,Recent_Rich_Customers
14111,5,3,1,531,
14112,5,1,5,515,Recent_Rich_Customers
14113,5,2,4,524,
14114,2,5,1,251,Fresh_Visitors
14116,5,3,5,535,
14117,3,5,1,351,
14119,1,5,1,151,Potential_Loyalists
14121,5,3,5,535,
14124,4,5,1,451,Promising
14125,5,4,5,545,
14126,5,4,2,542,
14127,3,4,3,343,
14128,4,5,2,452,
14129,5,3,4,534,
14130,1,5,2,152,
14132,5,1,5,515,Recent_Rich_Customers
14133,3,3,2,332,
14135,5,1,5,515,Recent_Rich_Customers
14138,5,5,3,553,
14139,5,5,1,551,
14140,5,4,4,544,
14141,5,3,3,533,
14142,1,5,1,151,Potential_Loyalists
14143,3,5,1,351,
14145,5,3,2,532,
14146,5,3,5,535,
14147,4,4,1,441,
14148,2,5,1,251,Fresh_Visitors
14149,2,4,2,242,
14150,5,5,1,551,
14152,4,4,2,442,
14154,2,5,5,255,
14155,2,5,1,251,Fresh_Visitors
14156,5,1,5,515,Recent_Rich_Customers
14157,5,4,2,542,
14158,5,5,2,552,
14159,5,1,5,515,Recent_Rich_Customers
14161,2,4,5,245,
14162,3,5,1,351,
14163,4,4,5,445,
14164,4,5,2,452,
14165,2,5,1,251,Fresh_Visitors
14167,5,4,2,542,
14171,3,5,2,352,
14173,5,4,1,541,
14174,5,5,1,551,
14175,4,2,5,425,
14176,1,3,1,131,
14177,4,3,2,432,
14178,5,2,5,525,
14179,5,5,5,555,Champions
14180,5,1,5,515,Recent_Rich_Customers
14184,4,5,1,451,Promising
14185,1,5,1,151,Potential_Loyalists
14188,5,1,5,515,Recent_Rich_Customers
14189,5,1,5,515,Recent_Rich_Customers
14191,5,1,5,515,Recent_Rich_Customers
14193,4,5,2,452,
14194,5,1,5,515,Recent_Rich_Customers
14195,2,4,2,242,
14196,3,5,1,351,
14198,5,2,3,523,
14199,2,5,1,251,Fresh_Visitors
14201,4,1,3,413,
14204,5,5,1,551,
14205,5,4,2,542,
14206,2,5,1,251,Fresh_Visitors
14208,4,5,1,451,Promising
14209,5,2,5,525,
14210,4,2,5,425,
14211,4,1,5,415,
14212,4,5,1,451,Promising
14213,1,5,1,151,Potential_Loyalists
14214,5,2,5,525,
14215,5,2,5,525,
14216,5,4,5,545,
14217,5,1,5,515,Recent_Rich_Customers
14218,5,5,1,551,
14219,5,5,1,551,
14220,2,5,1,251,Fresh_Visitors
14221,5,1,5,515,Recent_Rich_Customers
14222,3,5,2,352,
14223,4,4,5,445,
14224,3,4,5,345,
14226,5,2,5,525,
14227,5,1,5,515,Recent_Rich_Customers
14229,4,3,4,434,
14231,3,3,4,334,
14232,5,2,5,525,
14233,5,3,3,533,
14234,5,4,5,545,
14235,5,3,5,535,
14236,4,5,1,451,Promising
14237,1,5,1,151,Potential_Loyalists
14238,1,5,1,151,Potential_Loyalists
14239,5,1,5,515,Recent_Rich_Customers
14240,5,5,3,553,
14241,3,5,1,351,
14242,2,5,1,251,Fresh_Visitors
14243,5,1,5,515,Recent_Rich_Customers
14245,3,3,5,335,
14246,3,4,5,345,
14247,2,5,1,251,Fresh_Visitors
14248,1,5,1,151,Potential_Loyalists
14250,5,4,5,545,
14251,5,3,5,535,
14256,2,4,4,244,
14257,4,3,5,435,
14258,5,1,5,515,Recent_Rich_Customers
14259,3,5,1,351,
14261,4,5,4,454,
14262,5,2,5,525,
14264,3,4,1,341,
14265,3,5,3,353,
14267,3,2,5,325,
14270,1,5,1,151,Potential_Loyalists
14271,2,5,1,251,Fresh_Visitors
14272,4,5,2,452,
14273,4,4,1,441,
14276,4,3,5,435,
14277,5,4,5,545,
14280,3,5,1,351,
14282,5,1,5,515,Recent_Rich_Customers
14284,5,4,2,542,
14285,5,4,3,543,
14286,5,3,5,535,
14287,5,4,1,541,
14288,2,5,1,251,Fresh_Visitors
14289,5,3,3,533,
14290,5,3,5,535,
14291,5,1,5,515,Recent_Rich_Customers
14292,5,1,5,515,Recent_Rich_Customers
14293,5,4,4,544,
14295,5,5,1,551,
14297,5,3,5,535,
14298,5,1,5,515,Recent_Rich_Customers
14299,5,1,5,515,Recent_Rich_Customers
14300,5,5,1,551,
14301,3,5,1,351,
14304,2,5,1,251,Fresh_Visitors
14305,4,3,5,435,
14306,4,4,5,445,
14307,4,3,5,435,
14309,5,1,5,515,Recent_Rich_Customers
14311,2,5,1,251,Fresh_Visitors
14312,5,3,5,535,
14314,3,5,1,351,
14315,5,2,5,525,
14317,4,5,1,451,Promising
14320,2,4,2,242,
14321,5,3,5,535,
14323,3,4,2,342,
14326,2,5,1,251,Fresh_Visitors
14327,3,5,1,351,
14329,5,1,5,515,Recent_Rich_Customers
14331,3,5,1,351,
14332,5,4,1,541,
14333,4,5,1,451,Promising
14334,5,1,5,515,Recent_Rich_Customers
14335,5,5,3,553,
14336,5,4,5,545,
14338,3,4,2,342,
14339,2,4,1,241,
14340,2,5,1,251,Fresh_Visitors
14341,5,1,5,515,Recent_Rich_Customers
14342,5,3,1,531,
14344,3,2,5,325,
14345,5,5,1,551,
14346,3,5,5,355,
14348,2,5,1,251,Fresh_Visitors
14349,5,5,1,551,
14350,2,5,1,251,Fresh_Visitors
14351,3,5,1,351,
14352,3,4,4,344,About_toSleep
14353,2,5,1,251,Fresh_Visitors
14354,5,5,1,551,
14355,1,5,1,151,Potential_Loyalists
14356,4,4,2,442,
14357,5,5,1,551,
14359,5,3,4,534,
14360,5,4,5,545,
14362,5,5,1,551,
14364,3,2,5,325,
14367,5,1,5,515,Recent_Rich_Customers
14368,1,5,1,151,Potential_Loyalists
14371,2,5,1,251,Fresh_Visitors
14373,1,5,1,151,Potential_Loyalists
14375,3,5,2,352,
14377,3,5,1,351,
14379,5,5,2,552,
14381,4,5,1,451,Promising
14382,5,5,5,555,Champions
14383,5,4,5,545,
14385,5,4,1,541,
14386,2,5,1,251,Fresh_Visitors
14387,5,4,5,545,
14388,5,1,5,515,Recent_Rich_Customers
14389,5,3,4,534,
14390,5,1,5,515,Recent_Rich_Customers
14393,2,5,1,251,Fresh_Visitors
14395,5,1,5,515,Recent_Rich_Customers
14396,4,5,2,452,
14397,5,1,5,515,Recent_Rich_Customers
14400,3,5,1,351,
14401,5,1,5,515,Recent_Rich_Customers
14403,3,3,4,334,
14404,5,2,5,525,
14406,3,5,1,351,
14407,3,1,5,315,
14408,5,2,5,525,
14409,4,2,5,425,
14410,5,1,5,515,Recent_Rich_Customers
14411,1,5,1,151,Potential_Loyalists
14412,5,4,4,544,
14413,1,5,1,151,Potential_Loyalists
14414,4,2,5,425,
14415,5,1,5,515,Recent_Rich_Customers
14416,5,5,1,551,
14418,5,4,5,545,
14419,5,3,5,535,
14420,4,5,1,451,Promising
14421,4,5,1,451,Promising
14422,5,3,5,535,
14423,2,5,1,251,Fresh_Visitors
14424,5,5,1,551,
14426,5,1,5,515,Recent_Rich_Customers
14427,4,5,1,451,Promising
14428,5,2,5,525,
14431,1,5,1,151,Potential_Loyalists
14432,5,3,5,535,
14434,5,3,1,531,
14436,3,5,1,351,
14437,3,5,1,351,
14438,1,5,1,151,Potential_Loyalists
14439,1,5,5,155,
14440,5,3,5,535,
14441,5,1,5,515,Recent_Rich_Customers
14442,5,3,5,535,
14443,4,2,5,425,
14446,5,4,5,545,
14447,5,3,4,534,
14448,5,5,1,551,
14449,5,4,5,545,
14450,3,4,1,341,
14451,4,5,4,454,
14452,5,5,1,551,
14453,3,5,1,351,
14456,5,1,5,515,Recent_Rich_Customers
14457,1,5,1,151,Potential_Loyalists
14459,3,5,4,354,
14460,3,4,1,341,
14461,3,4,5,345,
14462,4,1,5,415,
14463,3,4,1,341,
14465,2,4,5,245,
14466,5,2,5,525,
14467,5,4,3,543,
14470,5,5,2,552,
14472,3,2,5,325,
14473,4,5,1,451,Promising
14474,5,5,2,552,
14475,4,3,3,433,
14476,2,5,1,251,Fresh_Visitors
14477,5,3,1,531,
14479,2,5,1,251,Fresh_Visitors
14480,5,5,1,551,
14481,3,5,2,352,
14482,5,3,5,535,
14483,3,5,1,351,
14484,4,5,1,451,Promising
14485,5,5,1,551,
14487,5,2,5,525,
14488,4,5,4,454,
14489,2,5,1,251,Fresh_Visitors
14491,3,5,1,351,
14493,5,2,5,525,
14494,5,5,1,551,
14495,4,5,1,451,Promising
14496,1,5,1,151,Potential_Loyalists
14497,1,5,2,152,
14498,5,3,5,535,
14499,5,4,5,545,
14500,4,4,1,441,
14501,4,4,1,441,
14502,5,1,5,515,Recent_Rich_Customers
14503,5,3,5,535,
14504,4,4,5,445,
14505,5,1,5,515,Recent_Rich_Customers
14506,5,3,5,535,
14507,5,2,5,525,
14508,5,5,1,551,
14511,5,3,5,535,
14512,3,5,1,351,
14513,3,4,1,341,
14514,4,4,5,445,
14515,5,3,5,535,
14517,5,5,1,551,
14518,4,5,1,451,Promising
14520,5,5,1,551,
14522,5,4,1,541,
14523,3,5,1,351,
14524,5,1,5,515,Recent_Rich_Customers
14525,5,1,5,515,Recent_Rich_Customers
14527,5,1,5,515,Recent_Rich_Customers
14528,5,5,1,551,
14529,4,4,5,445,
14530,5,3,5,535,
14532,2,4,4,244,
14533,5,1,5,515,Recent_Rich_Customers
14534,5,1,5,515,Recent_Rich_Customers
14535,4,4,5,445,
14536,2,5,1,251,Fresh_Visitors
14537,4,5,1,451,Promising
14538,4,5,1,451,Promising
14539,5,5,2,552,
14540,5,4,5,545,
14541,4,2,5,425,
14542,3,5,1,351,
14543,5,1,5,515,Recent_Rich_Customers
14544,5,5,5,555,Champions
14546,5,1,5,515,Recent_Rich_Customers
14547,5,1,5,515,Recent_Rich_Customers
14548,3,5,1,351,
14549,1,5,1,151,Potential_Loyalists
14550,5,5,2,552,
14551,5,5,1,551,
14552,3,5,1,351,
14553,5,3,5,535,
14554,5,4,5,545,
14555,4,5,1,451,Promising
14557,4,5,2,452,
14560,5,1,5,515,Recent_Rich_Customers
14561,4,4,5,445,
14562,5,1,5,515,Recent_Rich_Customers
14565,4,3,5,435,
14566,3,5,1,351,
14567,5,4,2,542,
14569,5,5,1,551,
14570,2,5,1,251,Fresh_Visitors
14572,5,1,5,515,Recent_Rich_Customers
14573,3,1,5,315,
14576,1,5,1,151,Potential_Loyalists
14577,5,4,5,545,
14578,5,5,1,551,
14581,5,5,1,551,
14582,5,5,1,551,
14583,5,3,5,535,
14584,3,3,5,335,
14585,4,5,1,451,Promising
14586,2,4,1,241,
14587,5,1,5,515,Recent_Rich_Customers
14589,1,5,1,151,Potential_Loyalists
14591,5,4,5,545,
14592,5,4,5,545,
14593,5,4,4,544,
14594,5,5,2,552,
14595,5,3,5,535,
14597,5,5,2,552,
14598,5,5,1,551,
14600,1,5,1,151,Potential_Loyalists
14601,5,5,1,551,
14603,2,5,1,251,Fresh_Visitors
14606,5,1,5,515,Recent_Rich_Customers
14607,5,1,5,515,Recent_Rich_Customers
14608,5,4,2,542,
14609,4,4,1,441,
14616,2,4,1,241,
14618,5,4,1,541,
14619,2,5,1,251,Fresh_Visitors
14620,2,4,1,241,
14621,5,3,5,535,
14622,3,5,1,351,
14623,5,3,5,535,
14624,4,5,1,451,Promising
14625,3,3,4,334,
14626,5,2,5,525,
14627,1,5,1,151,Potential_Loyalists
14628,4,5,2,452,
14629,5,4,5,545,
14631,4,4,3,443,
14632,2,5,1,251,Fresh_Visitors
14633,2,5,1,251,Fresh_Visitors
14636,5,5,1,551,
14638,4,5,1,451,Promising
14639,4,2,5,425,
14640,5,2,5,525,
14641,5,5,1,551,
14642,4,5,1,451,Promising
14643,3,4,2,342,
14644,5,4,2,542,
14645,3,5,2,352,
14646,5,1,5,515,Recent_Rich_Customers
14647,2,5,1,251,Fresh_Visitors
14649,5,4,5,545,
14651,4,5,4,454,
14652,4,5,1,451,Promising
14653,5,2,5,525,
14655,5,3,5,535,
14656,3,5,1,351,
14657,5,3,5,535,
14658,5,5,1,551,
14659,5,1,5,515,Recent_Rich_Customers
14660,4,5,1,451,Promising
14661,5,5,1,551,
14662,5,4,5,545,
14664,5,5,4,554,Loyal_Customers
14665,4,2,5,425,
14666,5,5,1,551,
14667,5,1,5,515,Recent_Rich_Customers
14669,2,4,5,245,
14670,2,5,3,253,
14672,2,5,3,253,
14673,5,3,5,535,
14675,5,5,3,553,
14676,5,2,5,525,
14679,1,5,1,151,Potential_Loyalists
14680,5,1,5,515,Recent_Rich_Customers
14681,4,4,1,441,
14682,3,5,1,351,
14684,5,3,5,535,
14687,3,5,1,351,
14688,5,1,5,515,Recent_Rich_Customers
14689,2,5,1,251,Fresh_Visitors
14690,5,4,1,541,
14691,5,3,5,535,
14692,3,3,3,333,At_Risk
14693,2,5,1,251,Fresh_Visitors
14696,5,1,5,515,Recent_Rich_Customers
14697,2,5,1,251,Fresh_Visitors
14698,5,3,5,535,
14699,2,5,1,251,Fresh_Visitors
14700,5,4,5,545,
14701,5,1,5,515,Recent_Rich_Customers
14702,5,1,5,515,Recent_Rich_Customers
14703,5,5,1,551,
14704,5,1,5,515,Recent_Rich_Customers
14705,2,5,1,251,Fresh_Visitors
14708,5,4,3,543,
14709,5,1,5,515,Recent_Rich_Customers
14710,5,4,5,545,
14711,5,1,5,515,Recent_Rich_Customers
14712,5,4,1,541,
14713,5,1,5,515,Recent_Rich_Customers
14714,5,5,1,551,
14715,5,4,5,545,
14716,5,5,2,552,
14719,5,3,5,535,
14720,5,4,2,542,
14722,3,5,1,351,
14723,5,3,5,535,
14725,5,5,5,555,Champions
14727,2,5,1,251,Fresh_Visitors
14729,1,5,2,152,
14730,5,2,5,525,
14731,4,4,1,441,
14732,5,1,5,515,Recent_Rich_Customers
14733,5,1,5,515,Recent_Rich_Customers
14735,5,1,5,515,Recent_Rich_Customers
14737,5,4,1,541,
14738,5,1,5,515,Recent_Rich_Customers
14739,5,2,5,525,
14740,3,4,5,345,
14741,5,3,5,535,
14744,5,1,3,513,
14745,3,3,5,335,
14747,2,5,1,251,Fresh_Visitors
14748,5,3,5,535,
14752,5,5,1,551,
14753,4,5,1,451,Promising
14754,5,5,2,552,
14755,5,1,5,515,Recent_Rich_Customers
14756,5,5,3,553,
14757,4,5,1,451,Promising
14758,3,4,5,345,
14759,5,4,5,545,
14760,2,5,1,251,Fresh_Visitors
14761,4,5,1,451,Promising
14762,2,5,1,251,Fresh_Visitors
14764,5,5,1,551,
14765,5,4,1,541,
14766,5,2,5,525,
14768,5,4,1,541,
14769,5,1,5,515,Recent_Rich_Customers
14770,2,5,4,254,
14772,3,5,1,351,
14775,4,4,3,443,
14776,4,1,5,415,
14777,5,5,1,551,
14778,3,5,2,352,
14779,2,4,1,241,
14780,4,5,1,451,Promising
14782,1,5,1,151,Potential_Loyalists
14784,5,5,1,551,
14785,5,5,1,551,
14788,5,5,2,552,
14789,5,5,1,551,
14790,5,4,2,542,
14792,4,5,1,451,Promising
14793,5,5,1,551,
14794,5,1,5,515,Recent_Rich_Customers
14795,3,5,1,351,
14796,5,1,5,515,Recent_Rich_Customers
14798,4,4,1,441,
14799,4,5,1,451,Promising
14800,4,1,5,415,
14801,4,5,1,451,Promising
14803,3,4,2,342,
14804,5,5,1,551,
14805,5,4,2,542,
14806,4,5,1,451,Promising
14808,5,1,5,515,Recent_Rich_Customers
14810,5,1,5,515,Recent_Rich_Customers
14813,1,5,1,151,Potential_Loyalists
14815,5,5,3,553,
14816,2,5,1,251,Fresh_Visitors
14817,2,5,5,255,
14818,4,4,3,443,
14819,4,5,1,451,Promising
14820,5,4,1,541,
14821,1,5,1,151,Potential_Loyalists
14823,3,4,1,341,
14824,5,4,2,542,
14825,5,1,5,515,Recent_Rich_Customers
14828,3,4,4,344,About_toSleep
14829,5,3,2,532,
14830,4,5,1,451,Promising
14834,5,2,5,525,
14836,5,4,1,541,
14837,4,3,5,435,
14840,2,5,1,251,Fresh_Visitors
14841,4,3,5,435,
14842,5,2,5,525,
14844,4,4,5,445,
14847,3,5,1,351,
14849,5,1,5,515,Recent_Rich_Customers
14850,1,5,1,151,Potential_Loyalists
14851,5,5,1,551,
14852,4,3,5,435,
14853,5,4,1,541,
14854,4,2,5,425,
14855,3,5,1,351,
14856,5,4,5,545,
14857,4,4,5,445,
14859,5,3,5,535,
14860,5,5,1,551,
14861,4,5,1,451,Promising
14862,5,5,3,553,
14863,5,5,1,551,
14865,5,5,1,551,
14866,5,1,5,515,Recent_Rich_Customers
14867,3,4,2,342,
14868,5,1,5,515,Recent_Rich_Customers
14869,5,4,5,545,
14870,2,5,1,251,Fresh_Visitors
14871,5,4,3,543,
14873,2,5,1,251,Fresh_Visitors
14875,5,3,5,535,
14878,5,1,5,515,Recent_Rich_Customers
14880,4,4,3,443,
14881,5,5,1,551,
14882,5,5,1,551,
14883,5,2,3,523,
14885,3,5,1,351,
14886,2,5,1,251,Fresh_Visitors
14887,4,5,1,451,Promising
14888,2,5,1,251,Fresh_Visitors
14889,1,5,1,151,Potential_Loyalists
14890,2,5,1,251,Fresh_Visitors
14891,3,5,2,352,
14893,5,5,5,555,Champions
14894,4,5,1,451,Promising
14895,5,1,5,515,Recent_Rich_Customers
14896,2,5,2,252,
14897,5,4,5,545,
14898,5,2,5,525,
14901,5,1,5,515,Recent_Rich_Customers
14902,5,5,1,551,
14903,5,1,5,515,Recent_Rich_Customers
14904,5,5,4,554,Loyal_Customers
14905,3,4,1,341,
14907,5,1,5,515,Recent_Rich_Customers
14908,4,5,1,451,Promising
14910,5,2,1,521,
14911,5,1,5,515,Recent_Rich_Customers
14912,5,4,3,543,
14913,5,4,5,545,
14915,4,4,1,441,
14916,4,3,5,435,
14918,3,5,4,354,
14920,2,5,5,255,
14921,5,5,5,555,Champions
14923,4,5,3,453,
14924,2,5,1,251,Fresh_Visitors
14929,5,5,1,551,
14930,3,4,5,345,
14931,5,3,5,535,
14932,1,5,1,151,Potential_Loyalists
14934,4,4,5,445,
14935,1,5,1,151,Potential_Loyalists
14936,5,1,5,515,Recent_Rich_Customers
14937,4,4,3,443,
14944,5,1,5,515,Recent_Rich_Customers
14946,5,5,1,551,
14947,4,5,1,451,Promising
14948,5,2,5,525,
14950,5,5,1,551,
14951,4,5,1,451,Promising
14952,5,1,5,515,Recent_Rich_Customers
14953,5,5,2,552,
14954,5,5,2,552,
14957,2,5,1,251,Fresh_Visitors
14958,3,4,2,342,
14959,4,3,2,432,
14960,5,5,1,551,
14961,5,1,5,515,Recent_Rich_Customers
14962,2,5,1,251,Fresh_Visitors
14963,5,3,5,535,
14964,2,5,1,251,Fresh_Visitors
14965,4,5,3,453,
14966,5,5,1,551,
14967,4,5,1,451,Promising
14968,5,5,1,551,
14970,4,4,2,442,
14971,5,4,5,545,
14972,3,5,1,351,
14973,3,4,5,345,
14974,5,5,1,551,
14975,4,5,1,451,Promising
14976,4,2,3,423,
14978,4,3,5,435,
14981,2,5,1,251,Fresh_Visitors
14984,5,5,1,551,
14985,2,5,2,252,
14987,5,5,1,551,
14988,2,5,1,251,Fresh_Visitors
14995,5,5,1,551,
14997,5,4,1,541,
14998,3,5,2,352,
15000,4,5,2,452,
15002,3,4,5,345,
15004,3,5,5,355,
15005,5,1,5,515,Recent_Rich_Customers
15006,4,5,4,454,
15007,3,5,1,351,
15009,5,4,5,545,
15010,5,5,1,551,
15012,4,5,3,453,
15014,5,5,1,551,
15016,3,5,1,351,
15017,5,5,1,551,
15018,5,4,2,542,
15019,2,5,1,251,Fresh_Visitors
15021,5,1,5,515,Recent_Rich_Customers
15022,5,4,5,545,
15023,5,1,5,515,Recent_Rich_Customers
15024,5,1,5,515,Recent_Rich_Customers
15025,5,5,2,552,
15026,4,4,2,442,
15027,5,3,4,534,
15028,5,4,2,542,
15030,4,5,1,451,Promising
15031,5,4,5,545,
15032,2,3,5,235,
15033,5,1,5,515,Recent_Rich_Customers
15034,5,1,5,515,Recent_Rich_Customers
15035,4,5,1,451,Promising
15036,4,4,4,444,Need_Attention
15038,5,2,5,525,
15039,5,1,5,515,Recent_Rich_Customers
15041,3,5,1,351,
15042,2,5,1,251,Fresh_Visitors
15043,5,5,1,551,
15044,5,1,5,515,Recent_Rich_Customers
15045,3,4,1,341,
15046,5,1,5,515,Recent_Rich_Customers
15047,2,5,1,251,Fresh_Visitors
15048,4,3,2,432,
15049,2,5,1,251,Fresh_Visitors
15050,5,3,5,535,
15051,5,4,5,545,
15052,1,5,1,151,Potential_Loyalists
15053,5,4,5,545,
15054,5,5,2,552,
15057,2,5,3,253,
15058,5,1,5,515,Recent_Rich_Customers
15059,5,1,5,515,Recent_Rich_Customers
15060,5,4,3,543,
15061,5,1,5,515,Recent_Rich_Customers
15062,4,4,4,444,Need_Attention
15063,2,5,1,251,Fresh_Visitors
15065,5,3,5,535,
15066,5,5,4,554,Loyal_Customers
15067,4,4,5,445,
15068,5,5,4,554,Loyal_Customers
15069,3,5,5,355,
15070,1,5,1,151,Potential_Loyalists
15071,4,5,2,452,
15073,5,4,5,545,
15074,3,5,2,352,
15075,4,5,2,452,
15076,3,5,4,354,
15078,5,1,5,515,Recent_Rich_Customers
15079,2,3,4,234,
15081,5,3,2,532,
15083,2,5,1,251,Fresh_Visitors
15087,2,5,1,251,Fresh_Visitors
15088,5,4,5,545,
15089,5,3,5,535,
15090,1,5,1,151,Potential_Loyalists
15091,4,5,1,451,Promising
15092,2,5,1,251,Fresh_Visitors
15093,5,1,5,515,Recent_Rich_Customers
15095,3,3,5,335,
15096,5,5,1,551,
15097,5,5,1,551,
15098,3,3,5,335,
15099,4,5,1,451,Promising
15100,1,3,1,131,
15101,5,4,1,541,
15103,5,5,3,553,
15104,3,4,5,345,
15105,5,2,5,525,
15106,5,2,5,525,
15107,1,2,1,121,
15108,3,3,5,335,
15109,2,5,1,251,Fresh_Visitors
15110,5,2,3,523,
15111,5,4,5,545,
15113,5,4,5,545,
15114,5,1,5,515,Recent_Rich_Customers
15115,5,5,1,551,
15116,5,4,3,543,
15117,5,3,5,535,
15118,3,5,1,351,
15119,2,5,1,251,Fresh_Visitors
15120,3,5,2,352,
15121,4,5,1,451,Promising
15122,4,3,5,435,
15123,5,5,5,555,Champions
15124,5,5,1,551,
15125,5,1,5,515,Recent_Rich_Customers
15127,4,5,1,451,Promising
15128,4,2,5,425,
15129,4,1,5,415,
15130,3,5,1,351,
15132,5,3,3,533,
15133,3,4,2,342,
15134,5,2,5,525,
15135,2,5,1,251,Fresh_Visitors
15136,5,3,5,535,
15139,2,5,1,251,Fresh_Visitors
15140,4,2,5,425,
15142,5,5,1,551,
15143,2,5,1,251,Fresh_Visitors
15144,5,1,5,515,Recent_Rich_Customers
15145,5,4,5,545,
15146,3,4,5,345,
15147,2,5,2,252,
15148,5,5,1,551,
15149,3,5,1,351,
15150,5,1,5,515,Recent_Rich_Customers
15152,5,1,5,515,Recent_Rich_Customers
15153,5,5,1,551,
15154,4,5,2,452,
15156,5,4,4,544,
15157,5,3,5,535,
15158,5,5,1,551,
15159,5,1,5,515,Recent_Rich_Customers
15160,1,5,1,151,Potential_Loyalists
15163,5,5,1,551,
15164,4,4,5,445,
15165,1,5,1,151,Potential_Loyalists
15167,1,5,1,151,Potential_Loyalists
15168,5,5,1,551,
15171,1,5,1,151,Potential_Loyalists
15172,5,3,5,535,
15174,1,5,1,151,Potential_Loyalists
15175,4,5,1,451,Promising
15178,2,5,1,251,Fresh_Visitors
15179,5,2,5,525,
15180,1,5,1,151,Potential_Loyalists
15181,4,3,1,431,
15182,3,5,1,351,
15184,5,5,2,552,
15185,4,5,2,452,
15186,5,5,1,551,
15187,5,1,5,515,Recent_Rich_Customers
15189,5,1,5,515,Recent_Rich_Customers
15192,3,4,5,345,
15193,4,5,1,451,Promising
15194,5,1,5,515,Recent_Rich_Customers
15195,5,5,1,551,
15197,5,3,3,533,
15198,4,5,1,451,Promising
15199,4,4,1,441,
15201,4,1,5,415,
15203,5,3,5,535,
15204,1,5,1,151,Potential_Loyalists
15205,4,4,2,442,
15206,5,4,1,541,
15208,5,3,3,533,
15210,2,5,2,252,
15211,4,5,3,453,
15212,2,5,1,251,Fresh_Visitors
15213,1,4,1,141,
15214,5,2,5,525,
15215,5,3,3,533,
15216,4,5,1,451,Promising
15218,5,1,5,515,Recent_Rich_Customers
15219,3,5,1,351,
15220,4,2,5,425,
15221,1,5,1,151,Potential_Loyalists
15222,1,5,1,151,Potential_Loyalists
15223,2,4,2,242,
15224,1,4,1,141,
15225,2,5,1,251,Fresh_Visitors
15226,1,5,1,151,Potential_Loyalists
15227,5,3,5,535,
15228,4,3,5,435,
15230,2,5,1,251,Fresh_Visitors
15232,3,5,1,351,
15234,2,5,1,251,Fresh_Visitors
15235,2,1,5,215,
15236,1,5,1,151,Potential_Loyalists
15237,5,4,5,545,
15238,5,3,5,535,
15239,5,4,3,543,
15240,5,2,5,525,
15241,4,1,5,415,
15243,4,5,1,451,Promising
15244,4,5,2,452,
15245,3,4,5,345,
15246,2,5,1,251,Fresh_Visitors
15247,3,5,1,351,
15249,5,1,5,515,Recent_Rich_Customers
15251,5,1,5,515,Recent_Rich_Customers
15252,5,5,2,552,
15253,5,3,3,533,
15254,3,5,1,351,
15255,4,5,3,453,
15256,3,5,1,351,
15257,2,5,1,251,Fresh_Visitors
15258,3,5,2,352,
15260,3,2,5,325,
15261,3,5,1,351,
15262,1,5,1,151,Potential_Loyalists
15263,3,5,1,351,
15264,4,5,1,451,Promising
15265,3,5,5,355,
15266,1,5,1,151,Potential_Loyalists
15267,5,3,1,531,
15269,5,5,1,551,
15270,5,1,5,515,Recent_Rich_Customers
15271,5,1,5,515,Recent_Rich_Customers
15272,4,5,3,453,
15274,5,5,3,553,
15275,5,5,3,553,
15276,4,5,1,451,Promising
15277,5,5,1,551,
15279,1,5,1,151,Potential_Loyalists
15280,3,5,1,351,
15281,4,1,5,415,
15286,4,5,1,451,Promising
15287,5,4,1,541,
15288,5,3,5,535,
15289,5,4,3,543,
15290,5,1,5,515,Recent_Rich_Customers
15291,5,1,5,515,Recent_Rich_Customers
15292,2,5,1,251,Fresh_Visitors
15296,5,1,5,515,Recent_Rich_Customers
15297,5,4,2,542,
15298,5,1,5,515,Recent_Rich_Customers
15299,4,1,5,415,
15300,4,5,1,451,Promising
15301,4,1,5,415,
15303,2,5,2,252,
15304,4,1,1,411,
15306,4,4,5,445,
15307,4,5,1,451,Promising
15308,2,5,1,251,Fresh_Visitors
15311,5,1,5,515,Recent_Rich_Customers
15312,4,3,3,433,
15313,3,5,1,351,
15314,2,5,1,251,Fresh_Visitors
15315,4,4,2,442,
15316,1,5,1,151,Potential_Loyalists
15318,5,5,1,551,
15319,2,5,1,251,Fresh_Visitors
15320,5,5,2,552,
15321,4,4,5,445,
15322,4,5,3,453,
15325,3,5,1,351,
15326,1,5,1,151,Potential_Loyalists
15327,4,5,1,451,Promising
15329,5,3,5,535,
15330,5,5,1,551,
15332,1,4,3,143,
15333,2,5,1,251,Fresh_Visitors
15334,3,4,2,342,
15335,4,5,1,451,Promising
15339,4,4,4,444,Need_Attention
15341,4,5,2,452,
15342,3,5,1,351,
15343,4,5,1,451,Promising
15344,5,3,2,532,
15345,5,5,1,551,
15346,1,5,1,151,Potential_Loyalists
15347,1,5,1,151,Potential_Loyalists
15348,4,5,1,451,Promising
15349,3,5,3,353,
15350,1,5,1,151,Potential_Loyalists
15351,5,1,5,515,Recent_Rich_Customers
15353,2,5,3,253,
15355,5,5,1,551,
15356,5,1,5,515,Recent_Rich_Customers
15358,5,1,5,515,Recent_Rich_Customers
15360,5,5,1,551,
15361,1,5,1,151,Potential_Loyalists
15363,2,5,1,251,Fresh_Visitors
15364,4,5,2,452,
15365,5,1,5,515,Recent_Rich_Customers
15366,4,5,3,453,
15367,4,3,5,435,
15368,5,5,1,551,
15369,3,5,1,351,
15370,5,2,5,525,
15372,3,5,3,353,
15373,5,1,5,515,Recent_Rich_Customers
15374,3,5,1,351,
15376,5,4,5,545,
15379,3,2,5,325,
15380,5,3,4,534,
15381,2,5,1,251,Fresh_Visitors
15382,5,2,5,525,
15384,3,4,2,342,
15385,5,5,1,551,
15386,3,5,1,351,
15388,2,5,1,251,Fresh_Visitors
15389,3,5,1,351,
15392,5,3,5,535,
15393,5,5,1,551,
15394,5,4,5,545,
15395,1,5,1,151,Potential_Loyalists
15396,3,5,1,351,
15397,2,5,1,251,Fresh_Visitors
15398,5,4,5,545,
15399,5,4,3,543,
15400,4,3,1,431,
15402,3,5,4,354,
15405,3,5,1,351,
15406,5,4,3,543,
15407,5,4,5,545,
15408,2,5,1,251,Fresh_Visitors
15410,4,2,5,425,
15411,5,3,5,535,
15412,3,5,1,351,
15414,5,4,3,543,
15415,1,5,2,152,
15416,4,3,5,435,
15417,4,5,1,451,Promising
15419,5,5,1,551,
15421,4,4,3,443,
15422,1,5,1,151,Potential_Loyalists
15423,5,5,1,551,
15424,2,5,1,251,Fresh_Visitors
15426,5,2,5,525,
15427,5,4,5,545,
15428,5,5,1,551,
15429,5,4,3,543,
15432,5,5,1,551,
15433,4,4,2,442,
15434,5,3,5,535,
15435,5,5,1,551,
15436,5,4,5,545,
15437,2,5,1,251,Fresh_Visitors
15438,3,5,1,351,
15440,4,4,2,442,
15442,2,5,1,251,Fresh_Visitors
15443,5,2,5,525,
15444,5,5,5,555,Champions
15445,2,5,1,251,Fresh_Visitors
15447,1,5,1,151,Potential_Loyalists
15448,1,5,1,151,Potential_Loyalists
15449,5,3,4,534,
15450,5,5,1,551,
15452,5,4,2,542,
15453,5,2,5,525,
15454,1,5,1,151,Potential_Loyalists
15456,2,4,3,243,
15457,2,5,1,251,Fresh_Visitors
15458,5,5,1,551,
15460,1,5,1,151,Potential_Loyalists
15462,4,4,1,441,
15463,5,5,1,551,
15464,1,5,5,155,
15465,5,1,5,515,Recent_Rich_Customers
15466,4,5,1,451,Promising
15467,5,4,2,542,
15468,5,3,1,531,
15469,5,4,2,542,
15471,5,5,2,552,
15472,3,5,2,352,
15473,5,1,2,512,
15475,4,5,1,451,Promising
15478,5,5,4,554,Loyal_Customers
15480,3,5,3,353,
15482,5,1,5,515,Recent_Rich_Customers
15483,3,4,2,342,
15484,5,3,5,535,
15485,5,4,5,545,
15488,4,5,1,451,Promising
15489,5,4,4,544,
15491,4,2,5,425,
15492,5,5,2,552,
15493,5,2,5,525,
15494,5,5,5,555,Champions
15497,5,4,2,542,
15498,5,1,5,515,Recent_Rich_Customers
15500,5,4,5,545,
15502,5,1,5,515,Recent_Rich_Customers
15503,1,5,1,151,Potential_Loyalists
15504,4,5,1,451,Promising
15505,4,2,5,425,
15506,5,4,5,545,
15507,3,5,2,352,
15508,3,3,5,335,
15510,1,5,1,151,Potential_Loyalists
15511,5,3,5,535,
15512,3,5,1,351,
15513,5,1,5,515,Recent_Rich_Customers
15514,5,1,5,515,Recent_Rich_Customers
15516,5,4,1,541,
15517,2,5,1,251,Fresh_Visitors
15518,4,1,5,415,
15520,5,5,1,551,
15521,5,1,5,515,Recent_Rich_Customers
15522,5,5,2,552,
15523,4,5,1,451,Promising
15524,5,5,1,551,
15525,5,4,5,545,
15526,5,5,1,551,
15527,5,1,5,515,Recent_Rich_Customers
15528,2,5,1,251,Fresh_Visitors
15529,5,1,5,515,Recent_Rich_Customers
15530,5,4,5,545,
15531,5,5,5,555,Champions
15532,5,3,5,535,
15533,5,3,5,535,
15535,3,2,3,323,
15537,3,5,1,351,
15539,5,5,1,551,
15540,5,5,1,551,
15541,3,5,1,351,
15543,2,5,1,251,Fresh_Visitors
15544,5,1,5,515,Recent_Rich_Customers
15545,4,5,2,452,
15547,5,1,5,515,Recent_Rich_Customers
15549,4,4,5,445,
15550,5,4,2,542,
15551,5,5,1,551,
15552,2,5,1,251,Fresh_Visitors
15553,4,5,3,453,
15554,2,5,1,251,Fresh_Visitors
15555,5,1,5,515,Recent_Rich_Customers
15556,5,5,1,551,
15557,5,5,1,551,
15561,5,3,2,532,
15562,1,5,1,151,Potential_Loyalists
15563,5,2,5,525,
15565,4,5,1,451,Promising
15567,5,5,1,551,
15568,5,4,3,543,
15569,3,3,2,332,
15570,5,1,5,515,Recent_Rich_Customers
15571,5,4,2,542,
15572,5,2,5,525,
15573,5,5,4,554,Loyal_Customers
15574,3,4,5,345,
15576,5,5,3,553,
15577,3,4,1,341,
15578,3,5,1,351,
15579,4,5,1,451,Promising
15581,3,1,5,315,
15582,5,4,2,542,
15584,5,3,5,535,
15585,3,5,1,351,
15587,4,4,1,441,
15589,2,4,2,242,
15590,2,5,1,251,Fresh_Visitors
15592,5,5,1,551,
15593,4,5,1,451,Promising
15594,5,3,5,535,
15596,3,1,5,315,
15597,5,5,1,551,
15598,5,4,1,541,
15599,5,5,3,553,
15601,5,1,5,515,Recent_Rich_Customers
15602,5,1,5,515,Recent_Rich_Customers
15603,4,5,1,451,Promising
15604,4,5,1,451,Promising
15605,5,3,5,535,
15606,4,1,5,415,
15607,1,5,1,151,Potential_Loyalists
15608,5,4,5,545,
15609,3,5,1,351,
15610,4,5,1,451,Promising
15611,5,1,5,515,Recent_Rich_Customers
15612,5,5,1,551,
15615,5,1,5,515,Recent_Rich_Customers
15618,5,3,3,533,
15619,5,5,1,551,
15620,4,3,5,435,
15621,5,3,1,531,
15622,5,1,5,515,Recent_Rich_Customers
15623,3,5,1,351,
15624,3,4,2,342,
15625,3,2,5,325,
15626,4,5,3,453,
15628,5,1,5,515,Recent_Rich_Customers
15630,5,4,5,545,
15632,5,1,5,515,Recent_Rich_Customers
15634,5,5,1,551,
15636,4,5,1,451,Promising
15637,4,5,1,451,Promising
15638,1,5,1,151,Potential_Loyalists
15639,3,5,2,352,
15640,5,1,5,515,Recent_Rich_Customers
15641,3,4,5,345,
15643,3,3,2,332,
15644,3,4,5,345,
15645,5,5,2,552,
15646,3,4,2,342,
15648,2,4,2,242,
15649,1,5,1,151,Potential_Loyalists
15651,5,4,2,542,
15652,4,5,1,451,Promising
15653,4,5,1,451,Promising
15654,5,5,2,552,
15655,2,5,2,252,
15656,5,4,3,543,
15657,5,5,1,551,
15658,3,2,4,324,
15659,5,5,1,551,
15660,5,1,5,515,Recent_Rich_Customers
15661,1,5,1,151,Potential_Loyalists
15663,3,5,1,351,
15664,4,5,1,451,Promising
15665,3,5,5,355,
15667,5,5,1,551,
15668,2,5,1,251,Fresh_Visitors
15669,5,3,2,532,
15670,2,5,1,251,Fresh_Visitors
15671,5,1,5,515,Recent_Rich_Customers
15673,4,4,5,445,
15674,4,2,5,425,
15675,4,4,2,442,
15676,5,3,5,535,
15677,4,5,2,452,
15678,4,5,1,451,Promising
15679,5,4,5,545,
15680,5,4,5,545,
15681,5,3,5,535,
15683,3,5,1,351,
15687,5,1,5,515,Recent_Rich_Customers
15689,3,5,1,351,
15690,5,5,1,551,
15691,2,5,1,251,Fresh_Visitors
15692,5,5,1,551,
15694,5,1,5,515,Recent_Rich_Customers
15695,2,5,1,251,Fresh_Visitors
15696,5,1,5,515,Recent_Rich_Customers
15699,5,5,1,551,
15700,3,4,4,344,About_toSleep
15701,5,4,5,545,
15703,2,5,1,251,Fresh_Visitors
15704,3,4,5,345,
15705,2,5,1,251,Fresh_Visitors
15706,4,2,4,424,
15707,5,4,5,545,
15708,5,1,5,515,Recent_Rich_Customers
15709,2,5,1,251,Fresh_Visitors
15712,5,3,4,534,
15713,3,4,1,341,
15714,5,5,1,551,
15716,3,4,5,345,
15717,2,5,1,251,Fresh_Visitors
15719,5,1,5,515,Recent_Rich_Customers
15720,5,5,4,554,Loyal_Customers
15721,5,5,3,553,
15722,5,3,5,535,
15723,1,5,1,151,Potential_Loyalists
15724,2,4,1,241,
15725,5,5,1,551,
15727,5,2,5,525,
15728,4,5,1,451,Promising
15729,2,5,1,251,Fresh_Visitors
15730,4,4,5,445,
15732,2,5,1,251,Fresh_Visitors
15733,2,5,1,251,Fresh_Visitors
15734,3,5,2,352,
15737,5,1,5,515,Recent_Rich_Customers
15738,5,1,5,515,Recent_Rich_Customers
15739,4,5,1,451,Promising
15740,4,5,1,451,Promising
15743,5,4,4,544,
15744,4,5,1,451,Promising
15745,5,3,5,535,
15746,3,5,1,351,
15747,5,4,5,545,
15748,5,5,1,551,
15749,2,4,5,245,
15750,5,1,5,515,Recent_Rich_Customers
15752,5,2,5,525,
15753,1,5,1,151,Potential_Loyalists
15754,4,4,1,441,
15755,5,2,5,525,
15756,4,4,5,445,
15757,4,5,3,453,
15758,5,5,1,551,
15759,2,4,1,241,
15762,4,5,2,452,
15763,5,4,5,545,
15764,4,1,5,415,
15766,4,5,1,451,Promising
15768,3,4,3,343,
15769,5,1,5,515,Recent_Rich_Customers
15773,5,5,1,551,
15774,4,5,1,451,Promising
15775,2,5,1,251,Fresh_Visitors
15776,3,5,1,351,
15777,2,3,2,232,
15780,3,4,1,341,
15781,5,4,1,541,
15782,5,4,5,545,
15783,5,5,1,551,
15785,5,2,5,525,
15786,5,3,5,535,
15787,5,4,5,545,
15789,1,5,1,151,Potential_Loyalists
15790,5,5,1,551,
15791,5,4,5,545,
15793,5,4,2,542,
15795,3,5,3,353,
15796,5,1,5,515,Recent_Rich_Customers
15797,3,4,2,342,
15799,4,4,5,445,
15800,3,5,5,355,
15801,5,4,5,545,
15802,3,4,1,341,
15803,4,5,1,451,Promising
15804,5,1,5,515,Recent_Rich_Customers
15805,5,1,5,515,Recent_Rich_Customers
15806,5,4,2,542,
15807,4,4,2,442,
15808,1,3,5,135,
15809,5,3,3,533,
15810,4,2,5,425,
15811,5,1,5,515,Recent_Rich_Customers
15812,3,3,5,335,
15813,2,5,4,254,
15814,5,3,5,535,
15815,4,3,5,435,
15819,4,4,5,445,
15820,1,5,1,151,Potential_Loyalists
15821,5,5,2,552,
15822,5,5,2,552,
15823,1,5,1,151,Potential_Loyalists
15825,3,5,2,352,
15826,4,4,5,445,
15827,4,1,5,415,
15829,3,5,2,352,
15830,5,5,2,552,
15831,4,4,5,445,
15832,2,5,3,253,
15834,4,3,5,435,
15835,5,4,3,543,
15836,5,5,1,551,
15837,4,5,1,451,Promising
15838,5,1,5,515,Recent_Rich_Customers
15839,5,3,4,534,
15840,4,4,1,441,
15841,4,3,3,433,
15843,1,5,1,151,Potential_Loyalists
15844,5,5,1,551,
15845,5,1,5,515,Recent_Rich_Customers
15847,5,5,2,552,
15850,5,5,2,552,
15852,3,5,1,351,
15853,4,5,1,451,Promising
15854,5,1,5,515,Recent_Rich_Customers
15855,3,3,3,333,At_Risk
15856,5,1,5,515,Recent_Rich_Customers
15857,5,5,1,551,
15858,5,3,5,535,
15860,5,2,5,525,
15861,5,1,5,515,Recent_Rich_Customers
15862,5,4,5,545,
15863,5,5,1,551,
15864,5,2,4,524,
15865,5,4,4,544,
15866,3,5,1,351,
15867,5,1,5,515,Recent_Rich_Customers
15869,2,5,1,251,Fresh_Visitors
15870,5,5,2,552,
15872,5,5,3,553,
15874,4,1,5,415,
15877,5,4,5,545,
15880,1,5,2,152,
15881,1,2,2,122,
15882,2,3,1,231,
15883,5,5,2,552,
15885,4,4,1,441,
15886,4,5,1,451,Promising
15888,4,5,1,451,Promising
15889,3,5,3,353,
15891,2,5,3,253,
15894,2,5,1,251,Fresh_Visitors
15895,3,5,1,351,
15897,3,5,1,351,
15898,5,3,5,535,
15899,1,5,1,151,Potential_Loyalists
15900,5,5,1,551,
15901,5,4,4,544,
15903,5,2,5,525,
15904,5,5,1,551,
15906,5,2,5,525,
15907,5,4,5,545,
15909,3,5,1,351,
15910,5,2,5,525,
15912,3,5,1,351,
15916,5,1,5,515,Recent_Rich_Customers
15917,2,5,1,251,Fresh_Visitors
15918,3,5,1,351,
15919,5,5,5,555,Champions
15920,3,4,1,341,
15921,3,5,1,351,
15922,1,5,1,151,Potential_Loyalists
15923,1,5,1,151,Potential_Loyalists
15925,3,5,1,351,
15930,4,5,1,451,Promising
15932,5,1,5,515,Recent_Rich_Customers
15933,5,4,5,545,
15935,2,5,2,252,
15937,4,5,1,451,Promising
15938,3,3,1,331,
15939,4,1,5,415,
15940,1,5,1,151,Potential_Loyalists
15942,3,5,1,351,
15944,2,5,1,251,Fresh_Visitors
15945,1,5,1,151,Potential_Loyalists
15947,4,5,4,454,
15948,5,5,4,554,Loyal_Customers
15949,5,5,1,551,
15950,5,3,5,535,
15951,5,4,3,543,
15952,5,4,5,545,
15953,5,1,5,515,Recent_Rich_Customers
15955,5,1,5,515,Recent_Rich_Customers
15957,5,5,1,551,
15958,4,5,1,451,Promising
15963,5,5,1,551,
15965,5,4,5,545,
15967,5,5,2,552,
15969,5,4,1,541,
15970,1,5,1,151,Potential_Loyalists
15971,5,1,5,515,Recent_Rich_Customers
15973,2,4,1,241,
15974,5,2,5,525,
15975,4,5,1,451,Promising
15976,3,5,3,353,
15977,5,5,5,555,Champions
15978,4,5,4,454,
15980,4,4,5,445,
15981,5,2,5,525,
15983,5,4,5,545,
15984,5,1,5,515,Recent_Rich_Customers
15985,3,4,4,344,About_toSleep
15986,5,5,1,551,
15987,5,2,5,525,
15988,5,5,1,551,
15990,5,5,3,553,
15992,5,5,1,551,
15993,5,1,5,515,Recent_Rich_Customers
15994,4,5,1,451,Promising
15996,4,2,5,425,
15998,5,3,5,535,
16000,5,4,5,545,
16003,5,3,5,535,
16005,5,4,5,545,
16006,2,5,1,251,Fresh_Visitors
16007,4,4,5,445,
16008,5,4,1,541,
16009,5,4,5,545,
16010,2,4,2,242,
16011,5,1,5,515,Recent_Rich_Customers
16012,5,4,5,545,
16013,5,1,5,515,Recent_Rich_Customers
16014,5,4,5,545,
16015,5,4,5,545,
16016,5,1,5,515,Recent_Rich_Customers
16017,4,5,1,451,Promising
16018,5,5,1,551,
16019,5,1,5,515,Recent_Rich_Customers
16020,5,4,3,543,
16022,2,5,3,253,
16023,5,4,5,545,
16024,5,5,2,552,
16025,5,5,1,551,
16026,5,5,1,551,
16027,4,2,5,425,
16029,5,1,5,515,Recent_Rich_Customers
16030,1,5,1,151,Potential_Loyalists
16031,4,5,5,455,
16033,5,1,5,515,Recent_Rich_Customers
16034,3,4,1,341,
16036,4,5,4,454,
16037,2,4,2,242,
16038,5,4,1,541,
16040,4,4,5,445,
16041,5,4,2,542,
16042,5,2,5,525,
16043,5,4,4,544,
16045,3,4,5,345,
16048,4,4,1,441,
16049,5,4,5,545,
16050,3,5,1,351,
16052,4,5,1,451,Promising
16053,5,5,5,555,Champions
16054,3,5,4,354,
16055,2,5,1,251,Fresh_Visitors
16056,5,5,4,554,Loyal_Customers
16057,5,1,5,515,Recent_Rich_Customers
16059,4,3,5,435,
16061,2,5,1,251,Fresh_Visitors
16062,5,4,5,545,
16063,2,5,1,251,Fresh_Visitors
16065,1,5,2,152,
16066,5,3,5,535,
16070,5,5,2,552,
16071,5,5,1,551,
16072,2,5,2,252,
16073,2,5,1,251,Fresh_Visitors
16076,5,1,5,515,Recent_Rich_Customers
16078,2,5,1,251,Fresh_Visitors
16079,5,4,2,542,
16080,4,4,1,441,
16081,4,3,5,435,
16083,3,5,2,352,
16084,1,5,1,151,Potential_Loyalists
16085,5,3,5,535,
16086,4,3,3,433,
16091,3,5,1,351,
16092,3,3,3,333,At_Risk
16093,3,5,1,351,
16094,5,3,5,535,
16096,2,5,1,251,Fresh_Visitors
16097,2,5,1,251,Fresh_Visitors
16098,4,2,5,425,
16099,4,4,2,442,
16101,5,4,5,545,
16102,5,4,5,545,
16103,5,3,5,535,
16104,4,5,1,451,Promising
16105,2,5,1,251,Fresh_Visitors
16106,4,5,1,451,Promising
16107,5,2,5,525,
16108,4,5,3,453,
16109,2,5,1,251,Fresh_Visitors
16110,5,4,5,545,
16112,3,4,1,341,
16113,3,5,1,351,
16114,3,5,1,351,
16115,5,2,5,525,
16116,2,5,2,252,
16117,3,5,1,351,
16119,5,5,1,551,
16120,4,3,2,432,
16121,4,5,5,455,
16122,4,4,3,443,
16123,4,5,1,451,Promising
16124,1,5,1,151,Potential_Loyalists
16125,1,5,1,151,Potential_Loyalists
16126,5,4,5,545,
16127,5,5,2,552,
16128,5,3,5,535,
16131,4,3,5,435,
16133,5,1,5,515,Recent_Rich_Customers
16134,5,4,2,542,
16135,2,5,1,251,Fresh_Visitors
16136,4,4,2,442,
16138,1,5,1,151,Potential_Loyalists
16139,5,4,2,542,
16140,4,4,3,443,
16141,4,5,2,452,
16142,2,5,2,252,
16143,5,2,5,525,
16144,2,5,1,251,Fresh_Visitors
16145,5,1,5,515,Recent_Rich_Customers
16146,3,4,1,341,
16147,3,5,1,351,
16148,2,5,1,251,Fresh_Visitors
16149,5,5,1,551,
16150,5,1,5,515,Recent_Rich_Customers
16152,2,5,5,255,
16153,4,3,5,435,
16156,5,1,5,515,Recent_Rich_Customers
16157,5,4,1,541,
16159,2,5,1,251,Fresh_Visitors
16160,4,4,2,442,
16161,5,1,5,515,Recent_Rich_Customers
16162,2,5,1,251,Fresh_Visitors
16163,2,4,1,241,
16164,5,4,2,542,
16168,5,1,5,515,Recent_Rich_Customers
16169,5,4,5,545,
16170,4,2,5,425,
16171,4,5,1,451,Promising
16172,4,3,4,434,
16173,5,2,5,525,
16174,3,4,3,343,
16175,4,4,5,445,
16177,4,5,1,451,Promising
16178,3,5,1,351,
16179,4,5,1,451,Promising
16180,3,1,5,315,
16181,4,5,1,451,Promising
16182,4,4,5,445,
16183,4,5,1,451,Promising
16184,4,2,4,424,
16185,5,5,1,551,
16186,5,1,5,515,Recent_Rich_Customers
16187,5,1,5,515,Recent_Rich_Customers
16188,5,4,5,545,
16189,5,5,1,551,
16190,5,5,1,551,
16191,5,1,5,515,Recent_Rich_Customers
16193,2,5,1,251,Fresh_Visitors
16198,4,5,1,451,Promising
16200,5,5,5,555,Champions
16201,5,3,5,535,
16202,1,5,1,151,Potential_Loyalists
16203,4,3,2,432,
16204,5,5,2,552,
16205,5,4,5,545,
16206,4,4,2,442,
16207,5,5,1,551,
16208,5,5,3,553,
16209,4,3,5,435,
16210,5,1,5,515,Recent_Rich_Customers
16211,4,5,1,451,Promising
16212,5,4,2,542,
16213,4,5,1,451,Promising
16214,3,4,4,344,About_toSleep
16215,4,5,1,451,Promising
16216,2,5,4,254,
16217,2,4,1,241,
16218,5,2,5,525,
16221,5,4,5,545,
16222,1,5,5,155,
16224,4,4,5,445,
16225,5,3,5,535,
16226,2,4,1,241,
16227,2,5,1,251,Fresh_Visitors
16229,4,5,2,452,
16230,3,5,1,351,
16232,5,3,2,532,
16233,4,3,1,431,
16235,5,3,3,533,
16236,4,5,1,451,Promising
16239,4,4,1,441,
16240,5,3,5,535,
16241,5,1,5,515,Recent_Rich_Customers
16242,5,2,5,525,
16243,5,5,2,552,
16244,2,5,5,255,
16245,5,3,5,535,
16247,3,5,1,351,
16248,4,5,1,451,Promising
16249,4,3,5,435,
16250,2,5,1,251,Fresh_Visitors
16252,1,5,1,151,Potential_Loyalists
16253,5,4,5,545,
16255,5,1,5,515,Recent_Rich_Customers
16256,2,5,1,251,Fresh_Visitors
16257,3,5,1,351,
16258,5,3,5,535,
16260,4,5,2,452,
16261,5,4,5,545,
16262,1,5,1,151,Potential_Loyalists
16265,5,1,5,515,Recent_Rich_Customers
16266,4,2,4,424,
16268,4,5,4,454,
16270,1,5,5,155,
16271,5,3,5,535,
16272,3,5,1,351,
16274,1,5,2,152,
16275,3,5,2,352,
16276,3,5,1,351,
16278,5,4,2,542,
16279,5,4,5,545,
16281,4,5,2,452,
16282,1,5,1,151,Potential_Loyalists
16283,5,2,5,525,
16284,5,5,5,555,Champions
16287,3,5,1,351,
16292,3,5,1,351,
16293,5,1,5,515,Recent_Rich_Customers
16295,5,4,5,545,
16297,2,4,1,241,
16298,5,4,1,541,
16302,3,5,1,351,
16303,5,4,5,545,
16305,3,5,1,351,
16306,2,1,2,212,
16308,5,4,1,541,
16309,4,4,3,443,
16311,5,5,2,552,
16313,5,5,1,551,
16315,1,5,1,151,Potential_Loyalists
16316,4,1,5,415,
16317,3,4,5,345,
16318,5,5,1,551,
16319,2,5,1,251,Fresh_Visitors
16320,3,5,4,354,
16321,4,2,1,421,
16322,5,5,1,551,
16323,3,5,1,351,
16324,3,4,3,343,
16325,5,3,1,531,
16326,5,1,5,515,Recent_Rich_Customers
16327,5,3,5,535,
16330,5,4,1,541,
16332,5,2,5,525,
16333,5,1,5,515,Recent_Rich_Customers
16337,5,5,1,551,
16338,3,5,1,351,
16339,2,5,1,251,Fresh_Visitors
16340,3,5,5,355,
16341,5,3,5,535,
16342,4,4,1,441,
16343,5,5,1,551,
16344,3,5,1,351,
16345,5,5,2,552,
16347,5,5,5,555,Champions
16348,5,2,5,525,
16349,2,5,1,251,Fresh_Visitors
16350,5,3,5,535,
16351,1,5,1,151,Potential_Loyalists
16352,5,5,1,551,
16353,5,1,5,515,Recent_Rich_Customers
16354,4,5,1,451,Promising
16356,2,4,1,241,
16357,5,4,2,542,
16358,5,3,5,535,
16359,5,1,5,515,Recent_Rich_Customers
16360,5,2,5,525,
16361,5,4,5,545,
16362,5,1,4,514,
16363,4,5,1,451,Promising
16364,5,5,2,552,
16365,5,1,5,515,Recent_Rich_Customers
16366,5,5,1,551,
16367,5,5,5,555,Champions
16368,5,5,2,552,
16369,5,4,5,545,
16370,4,4,5,445,
16372,5,5,2,552,
16374,4,5,3,453,
16376,5,4,5,545,
16377,2,5,1,251,Fresh_Visitors
16378,2,4,1,241,
16379,5,3,5,535,
16380,4,5,4,454,
16383,4,5,5,455,
16384,4,5,2,452,
16385,4,4,2,442,
16386,5,5,2,552,
16387,1,5,1,151,Potential_Loyalists
16389,4,3,5,435,
16392,2,5,1,251,Fresh_Visitors
16393,5,1,5,515,Recent_Rich_Customers
16394,4,1,5,415,
16395,4,3,5,435,
16398,3,4,5,345,
16399,5,5,2,552,
16400,4,5,1,451,Promising
16401,5,1,5,515,Recent_Rich_Customers
16402,2,5,1,251,Fresh_Visitors
16403,1,5,1,151,Potential_Loyalists
16404,4,5,1,451,Promising
16405,1,5,1,151,Potential_Loyalists
16406,5,5,1,551,
16407,5,1,5,515,Recent_Rich_Customers
16409,5,3,5,535,
16411,5,5,1,551,
16412,4,5,1,451,Promising
16413,4,5,1,451,Promising
16414,5,5,1,551,
16415,5,5,1,551,
16416,5,4,5,545,
16418,5,4,5,545,
16419,3,2,4,324,
16422,5,1,5,515,Recent_Rich_Customers
16423,5,5,1,551,
16424,3,5,1,351,
16425,1,5,1,151,Potential_Loyalists
16426,5,1,5,515,Recent_Rich_Customers
16427,2,5,1,251,Fresh_Visitors
16428,4,5,1,451,Promising
16429,3,5,1,351,
16430,4,5,1,451,Promising
16431,2,4,3,243,
16432,4,5,1,451,Promising
16433,5,5,1,551,
16434,5,2,5,525,
16438,5,3,5,535,
16440,5,3,5,535,
16441,4,5,1,451,Promising
16442,5,4,5,545,
16444,5,3,4,534,
16445,5,5,1,551,
16446,5,4,5,545,
16447,3,5,1,351,
16448,2,5,1,251,Fresh_Visitors
16449,3,4,3,343,
16450,3,5,1,351,
16451,4,5,1,451,Promising
16454,5,4,1,541,
16455,4,2,5,425,
16456,3,3,5,335,
16457,2,5,1,251,Fresh_Visitors
16458,5,1,5,515,Recent_Rich_Customers
16460,5,4,5,545,
16461,3,5,1,351,
16462,4,4,1,441,
16463,5,2,5,525,
16464,5,4,5,545,
16466,5,2,5,525,
16468,4,5,1,451,Promising
16469,5,4,5,545,
16470,4,3,5,435,
16471,2,5,1,251,Fresh_Visitors
16473,3,4,1,341,
16474,5,1,5,515,Recent_Rich_Customers
16475,4,4,2,442,
16477,4,2,5,425,
16478,5,4,1,541,
16479,5,5,1,551,
16480,4,5,3,453,
16482,5,5,1,551,
16483,3,5,1,351,
16484,3,4,1,341,
16485,4,5,2,452,
16488,5,4,4,544,
16491,5,5,2,552,
16493,4,3,5,435,
16494,2,5,2,252,
16495,5,4,4,544,
16496,5,4,5,545,
16497,4,3,5,435,
16498,3,4,1,341,
16499,1,3,1,131,
16500,5,3,1,531,
16503,3,3,5,335,
16504,5,5,3,553,
16505,5,5,1,551,
16506,5,5,1,551,
16509,2,5,1,251,Fresh_Visitors
16510,1,5,1,151,Potential_Loyalists
16511,5,4,5,545,
16513,5,4,2,542,
16515,4,3,5,435,
16516,5,5,1,551,
16517,2,5,1,251,Fresh_Visitors
16518,4,4,2,442,
16519,5,5,1,551,
16520,3,4,5,345,
16523,5,1,5,515,Recent_Rich_Customers
16525,5,1,5,515,Recent_Rich_Customers
16526,3,5,1,351,
16527,4,5,1,451,Promising
16528,5,5,1,551,
16529,3,5,1,351,
16531,5,2,5,525,
16532,5,4,2,542,
16533,5,3,5,535,
16535,5,5,2,552,
16536,3,5,2,352,
16539,5,4,4,544,
16542,4,5,1,451,Promising
16545,3,5,1,351,
16546,2,4,3,243,
16549,5,1,5,515,Recent_Rich_Customers
16550,3,1,5,315,
16551,4,4,3,443,
16552,2,5,1,251,Fresh_Visitors
16553,3,1,5,315,
16554,5,2,5,525,
16555,5,5,1,551,
16556,4,2,5,425,
16557,5,5,1,551,
16558,5,1,5,515,Recent_Rich_Customers
16560,5,4,5,545,
16561,5,5,1,551,
16563,4,5,2,452,
16565,1,5,1,151,Potential_Loyalists
16566,5,3,1,531,
16567,3,5,3,353,
16569,5,5,1,551,
16570,5,1,5,515,Recent_Rich_Customers
16571,5,3,5,535,
16572,3,4,5,345,
16573,4,4,3,443,
16574,4,5,1,451,Promising
16579,1,5,1,151,Potential_Loyalists
16581,3,5,1,351,
16582,3,5,1,351,
16583,1,5,1,151,Potential_Loyalists
16584,4,4,3,443,
16586,2,5,1,251,Fresh_Visitors
16587,2,5,1,251,Fresh_Visitors
16589,4,4,1,441,
16591,4,5,1,451,Promising
16592,5,1,5,515,Recent_Rich_Customers
16593,4,4,1,441,
16594,4,5,1,451,Promising
16595,4,5,2,452,
16596,5,5,1,551,
16597,5,5,1,551,
16598,2,5,1,251,Fresh_Visitors
16600,5,3,4,534,
16601,5,5,1,551,
16602,5,5,2,552,
16603,4,5,2,452,
16607,5,1,5,515,Recent_Rich_Customers
16609,5,1,5,515,Recent_Rich_Customers
16610,2,5,1,251,Fresh_Visitors
16611,3,5,1,351,
16612,5,4,5,545,
16613,4,5,1,451,Promising
16614,3,5,2,352,
16616,5,5,2,552,
16617,2,5,1,251,Fresh_Visitors
16618,5,3,5,535,
16619,2,5,1,251,Fresh_Visitors
16620,5,5,1,551,
16621,4,4,2,442,
16623,2,5,1,251,Fresh_Visitors
16624,4,5,3,453,
16625,2,5,1,251,Fresh_Visitors
16626,5,1,5,515,Recent_Rich_Customers
16627,4,5,1,451,Promising
16628,5,3,5,535,
16629,4,5,3,453,
16633,5,2,5,525,
16634,2,5,1,251,Fresh_Visitors
16637,5,3,5,535,
16638,5,1,5,515,Recent_Rich_Customers
16639,5,4,4,544,
16641,3,5,1,351,
16642,5,4,3,543,
16643,2,5,1,251,Fresh_Visitors
16644,3,5,3,353,
16647,3,5,1,351,
16648,5,5,1,551,
16650,4,5,1,451,Promising
16652,4,1,5,415,
16653,5,4,5,545,
16654,3,3,2,332,
16655,5,3,5,535,
16656,5,1,5,515,Recent_Rich_Customers
16657,5,4,5,545,
16658,1,5,1,151,Potential_Loyalists
16659,3,5,1,351,
16660,5,3,2,532,
16665,1,5,1,151,Potential_Loyalists
16666,5,5,1,551,
16667,4,5,2,452,
16668,5,3,1,531,
16669,5,4,5,545,
16670,5,1,5,515,Recent_Rich_Customers
16671,5,4,1,541,
16672,5,1,5,515,Recent_Rich_Customers
16674,4,5,2,452,
16676,5,3,5,535,
16678,5,1,5,515,Recent_Rich_Customers
16679,1,5,1,151,Potential_Loyalists
16680,5,5,1,551,
16681,4,3,5,435,
16682,5,3,3,533,
16684,5,1,5,515,Recent_Rich_Customers
16685,4,5,3,453,
16686,4,1,5,415,
16688,5,4,5,545,
16689,4,4,1,441,
16690,5,4,1,541,
16692,2,5,1,251,Fresh_Visitors
16693,4,5,2,452,
16696,3,4,1,341,
16697,2,5,1,251,Fresh_Visitors
16698,2,5,1,251,Fresh_Visitors
16700,5,1,5,515,Recent_Rich_Customers
16701,5,1,5,515,Recent_Rich_Customers
16705,5,1,5,515,Recent_Rich_Customers
16706,5,4,4,544,
16708,5,5,1,551,
16709,4,3,5,435,
16710,5,1,5,515,Recent_Rich_Customers
16711,5,3,3,533,
16712,5,1,5,515,Recent_Rich_Customers
16713,5,1,5,515,Recent_Rich_Customers
16714,2,4,5,245,
16715,4,5,1,451,Promising
16716,2,4,1,241,
16717,5,1,5,515,Recent_Rich_Customers
16718,1,5,2,152,
16719,5,2,5,525,
16720,5,5,1,551,
16721,2,5,1,251,Fresh_Visitors
16722,5,1,5,515,Recent_Rich_Customers
16723,4,5,5,455,
16725,1,2,5,125,
16726,5,3,5,535,
16727,1,5,1,151,Potential_Loyalists
16728,5,4,5,545,
16729,5,1,5,515,Recent_Rich_Customers
16730,4,4,5,445,
16732,5,5,2,552,
16734,4,4,3,443,
16735,4,2,5,425,
16737,4,5,1,451,Promising
16738,1,5,1,151,Potential_Loyalists
16739,3,5,1,351,
16742,5,5,4,554,Loyal_Customers
16743,5,2,5,525,
16744,5,2,5,525,
16745,4,1,5,415,
16746,5,1,5,515,Recent_Rich_Customers
16747,5,4,3,543,
16748,5,3,4,534,
16750,5,3,3,533,
16751,5,5,2,552,
16752,1,5,1,151,Potential_Loyalists
16753,4,5,1,451,Promising
16754,1,5,1,151,Potential_Loyalists
16755,3,3,5,335,
16756,2,5,1,251,Fresh_Visitors
16757,1,5,1,151,Potential_Loyalists
16758,4,5,1,451,Promising
16759,5,4,4,544,
16761,4,5,1,451,Promising
16762,5,4,5,545,
16763,3,5,2,352,
16764,5,1,5,515,Recent_Rich_Customers
16765,2,5,1,251,Fresh_Visitors
16766,2,5,2,252,
16767,5,1,5,515,Recent_Rich_Customers
16768,4,3,2,432,
16769,2,5,1,251,Fresh_Visitors
16770,4,3,5,435,
16771,5,3,5,535,
16773,4,5,1,451,Promising
16774,4,3,2,432,
16775,5,1,5,515,Recent_Rich_Customers
16776,4,5,2,452,
16777,4,5,1,451,Promising
16778,4,5,1,451,Promising
16779,5,1,5,515,Recent_Rich_Customers
16780,3,5,2,352,
16781,1,5,1,151,Potential_Loyalists
16782,5,1,5,515,Recent_Rich_Customers
16784,5,5,1,551,
16788,3,5,5,355,
16789,5,5,1,551,
16790,5,2,5,525,
16791,5,2,5,525,
16792,2,5,1,251,Fresh_Visitors
16793,4,5,1,451,Promising
16794,5,1,5,515,Recent_Rich_Customers
16795,1,5,2,152,
16796,4,5,1,451,Promising
16800,5,5,5,555,Champions
16801,3,3,5,335,
16803,4,5,1,451,Promising
16804,5,4,2,542,
16805,3,5,4,354,
16806,3,4,5,345,
16807,3,4,5,345,
16808,3,5,1,351,
16809,5,3,5,535,
16810,3,5,1,351,
16811,5,5,2,552,
16812,1,5,1,151,Potential_Loyalists
16813,5,1,5,515,Recent_Rich_Customers
16814,5,1,5,515,Recent_Rich_Customers
16816,3,4,1,341,
16817,5,1,5,515,Recent_Rich_Customers
16818,5,1,5,515,Recent_Rich_Customers
16820,4,5,2,452,
16823,2,5,1,251,Fresh_Visitors
16824,5,5,1,551,
16825,5,5,2,552,
16826,4,5,1,451,Promising
16828,4,5,1,451,Promising
16829,3,5,1,351,
16830,5,5,1,551,
16832,3,4,1,341,
16833,5,4,3,543,
16834,2,5,1,251,Fresh_Visitors
16835,3,5,1,351,
16836,5,5,1,551,
16837,5,1,5,515,Recent_Rich_Customers
16838,2,4,2,242,
16839,5,1,5,515,Recent_Rich_Customers
16841,5,2,5,525,
16842,4,4,5,445,
16843,5,1,5,515,Recent_Rich_Customers
16846,4,5,1,451,Promising
16847,5,5,1,551,
16848,4,5,1,451,Promising
16849,3,5,1,351,
16850,1,5,1,151,Potential_Loyalists
16851,5,4,1,541,
16852,5,5,1,551,
16855,5,5,1,551,
16856,5,5,1,551,
16858,1,5,1,151,Potential_Loyalists
16859,3,3,5,335,
16861,4,4,1,441,
16863,5,4,1,541,
16866,3,4,1,341,
16869,5,3,5,535,
16871,5,2,5,525,
16872,4,4,2,442,
16873,5,1,5,515,Recent_Rich_Customers
16875,4,1,5,415,
16877,5,3,5,535,
16878,5,5,1,551,
16880,5,2,5,525,
16881,4,5,1,451,Promising
16882,4,4,2,442,
16883,3,5,1,351,
16884,5,5,1,551,
16885,5,4,3,543,
16887,5,5,1,551,
16889,3,4,5,345,
16891,5,3,5,535,
16892,5,2,4,524,
16893,1,5,1,151,Potential_Loyalists
16895,4,5,1,451,Promising
16897,1,4,1,141,
16898,5,4,5,545,
16899,5,3,5,535,
16900,5,3,5,535,
16902,3,5,4,354,
16903,5,5,2,552,
16904,5,1,5,515,Recent_Rich_Customers
16905,5,2,5,525,
16906,4,4,4,444,Need_Attention
16907,5,3,5,535,
16909,4,5,2,452,
16910,5,2,5,525,
16912,5,1,5,515,Recent_Rich_Customers
16913,2,5,1,251,Fresh_Visitors
16914,5,5,1,551,
16915,5,3,2,532,
16916,5,5,5,555,Champions
16917,2,5,1,251,Fresh_Visitors
16918,4,2,5,425,
16919,3,1,5,315,
16921,4,5,1,451,Promising
16923,5,1,5,515,Recent_Rich_Customers
16924,5,4,5,545,
16926,1,5,1,151,Potential_Loyalists
16927,3,4,1,341,
16928,4,1,5,415,
16929,5,2,5,525,
16930,5,4,2,542,
16931,5,1,5,515,Recent_Rich_Customers
16932,4,5,1,451,Promising
16933,5,3,2,532,
16934,4,5,4,454,
16936,5,5,1,551,
16938,5,3,5,535,
16940,4,4,5,445,
16942,5,1,5,515,Recent_Rich_Customers
16943,2,4,2,242,
16945,5,1,5,515,Recent_Rich_Customers
16947,2,5,1,251,Fresh_Visitors
16948,3,4,2,342,
16949,5,2,5,525,
16950,4,4,4,444,Need_Attention
16951,3,4,5,345,
16952,3,5,1,351,
16953,5,5,1,551,
16954,5,1,5,515,Recent_Rich_Customers
16955,3,3,2,332,
16956,5,5,1,551,
16957,2,5,1,251,Fresh_Visitors
16959,4,5,1,451,Promising
16960,5,4,3,543,
16961,3,5,1,351,
16963,3,5,1,351,
16965,2,5,1,251,Fresh_Visitors
16966,5,1,4,514,
16967,3,5,1,351,
16968,5,5,2,552,
16969,5,4,4,544,
16971,5,5,2,552,
16976,2,5,1,251,Fresh_Visitors
16978,4,5,1,451,Promising
16979,5,2,5,525,
16980,2,5,5,255,
16982,4,5,1,451,Promising
16983,5,2,5,525,
16984,4,3,5,435,
16985,5,1,5,515,Recent_Rich_Customers
16986,5,5,1,551,
16987,5,2,5,525,
16988,5,5,1,551,
16989,5,3,1,531,
16990,2,5,1,251,Fresh_Visitors
16992,5,3,5,535,
16995,1,5,1,151,Potential_Loyalists
16996,5,1,3,513,
16997,2,4,1,241,
16998,3,3,1,331,
16999,5,5,1,551,
17001,5,1,5,515,Recent_Rich_Customers
17002,4,4,5,445,
17004,5,5,4,554,Loyal_Customers
17006,5,4,2,542,
17007,4,2,4,424,
17010,5,5,1,551,
17011,5,5,1,551,
17014,5,4,3,543,
17015,5,4,5,545,
17017,5,1,5,515,Recent_Rich_Customers
17018,5,5,1,551,
17019,5,4,5,545,
17022,5,5,1,551,
17024,5,4,1,541,
17025,4,4,1,441,
17026,3,5,1,351,
17027,4,2,5,425,
17029,3,5,1,351,
17030,4,5,1,451,Promising
17031,5,5,1,551,
17033,4,4,2,442,
17034,5,4,2,542,
17035,2,4,2,242,
17037,4,5,5,455,
17038,5,5,1,551,
17040,3,5,1,351,
17041,5,4,5,545,
17042,5,3,5,535,
17043,5,4,5,545,
17044,5,4,1,541,
17045,3,4,1,341,
17046,3,5,1,351,
17047,4,4,5,445,
17048,3,3,4,334,
17049,5,1,5,515,Recent_Rich_Customers
17050,4,3,5,435,
17051,3,5,1,351,
17052,5,5,2,552,
17053,3,5,1,351,
17054,5,3,5,535,
17058,4,4,5,445,
17059,5,3,5,535,
17060,2,5,1,251,Fresh_Visitors
17061,4,1,5,415,
17062,1,3,3,133,
17063,5,1,5,515,Recent_Rich_Customers
17064,4,4,3,443,
17065,3,5,1,351,
17068,5,1,5,515,Recent_Rich_Customers
17069,5,1,5,515,Recent_Rich_Customers
17070,3,5,1,351,
17071,5,1,5,515,Recent_Rich_Customers
17073,5,4,5,545,
17075,5,3,4,534,
17076,5,4,2,542,
17078,5,5,1,551,
17079,4,5,1,451,Promising
17080,5,4,1,541,
17081,5,5,1,551,
17082,5,5,5,555,Champions
17083,3,4,4,344,About_toSleep
17084,5,5,5,555,Champions
17085,3,3,5,335,
17086,5,3,5,535,
17088,5,4,5,545,
17090,5,2,5,525,
17091,5,1,5,515,Recent_Rich_Customers
17092,4,4,5,445,
17094,1,5,1,151,Potential_Loyalists
17095,5,3,5,535,
17096,5,2,4,524,
17097,5,1,5,515,Recent_Rich_Customers
17100,5,5,4,554,Loyal_Customers
17101,5,4,4,544,
17102,2,5,1,251,Fresh_Visitors
17105,3,5,5,355,
17107,5,2,5,525,
17109,5,2,5,525,
17110,3,5,1,351,
17111,4,5,1,451,Promising
17114,5,1,5,515,Recent_Rich_Customers
17115,5,3,3,533,
17117,2,5,1,251,Fresh_Visitors
17118,1,5,1,151,Potential_Loyalists
17119,5,4,2,542,
17120,2,5,1,251,Fresh_Visitors
17122,3,5,1,351,
17123,3,5,1,351,
17124,3,5,1,351,
17125,4,5,2,452,
17126,3,2,5,325,
17128,1,5,1,151,Potential_Loyalists
17131,5,3,5,535,
17133,5,2,5,525,
17134,3,5,1,351,
17135,5,2,5,525,
17138,2,5,1,251,Fresh_Visitors
17139,5,1,5,515,Recent_Rich_Customers
17140,2,5,1,251,Fresh_Visitors
17142,2,5,1,251,Fresh_Visitors
17144,5,5,5,555,Champions
17146,3,4,2,342,
17147,5,3,5,535,
17148,4,5,1,451,Promising
17152,3,4,2,342,
17153,5,5,1,551,
17154,4,5,1,451,Promising
17155,5,5,1,551,
17157,5,4,1,541,
17158,5,4,5,545,
17159,5,4,5,545,
17160,5,3,5,535,
17162,5,1,5,515,Recent_Rich_Customers
17163,5,5,1,551,
17164,5,2,5,525,
17165,2,5,1,251,Fresh_Visitors
17166,5,4,1,541,
17169,4,4,4,444,Need_Attention
17171,2,5,1,251,Fresh_Visitors
17172,4,5,1,451,Promising
17173,5,1,5,515,Recent_Rich_Customers
17174,2,5,1,251,Fresh_Visitors
17175,5,3,5,535,
17176,2,5,1,251,Fresh_Visitors
17179,3,4,2,342,
17180,4,3,5,435,
17181,4,5,1,451,Promising
17183,5,2,5,525,
17186,5,5,1,551,
17187,2,5,1,251,Fresh_Visitors
17188,5,1,5,515,Recent_Rich_Customers
17189,3,5,2,352,
17190,4,4,3,443,
17191,5,2,5,525,
17193,5,1,4,514,
17194,2,5,1,251,Fresh_Visitors
17197,5,5,2,552,
17198,5,4,4,544,
17201,4,5,1,451,Promising
17203,5,3,5,535,
17204,3,1,5,315,
17205,4,5,1,451,Promising
17206,4,5,1,451,Promising
17211,5,1,5,515,Recent_Rich_Customers
17212,2,5,1,251,Fresh_Visitors
17213,5,1,5,515,Recent_Rich_Customers
17214,4,2,5,425,
17217,2,5,1,251,Fresh_Visitors
17218,5,1,5,515,Recent_Rich_Customers
17219,5,5,1,551,
17220,5,1,5,515,Recent_Rich_Customers
17221,5,5,2,552,
17222,4,5,1,451,Promising
17223,1,5,1,151,Potential_Loyalists
17226,1,5,1,151,Potential_Loyalists
17227,5,3,2,532,
17228,5,2,5,525,
17229,4,5,1,451,Promising
17230,2,1,5,215,
17231,5,1,5,515,Recent_Rich_Customers
17232,5,5,1,551,
17233,5,5,1,551,
17234,3,5,1,351,
17235,5,5,1,551,
17236,5,3,5,535,
17237,5,5,1,551,
17238,5,1,5,515,Recent_Rich_Customers
17239,1,5,1,151,Potential_Loyalists
17242,3,5,2,352,
17243,5,1,5,515,Recent_Rich_Customers
17244,4,5,2,452,
17245,2,5,1,251,Fresh_Visitors
17247,5,5,1,551,
17248,3,5,2,352,
17250,5,5,2,552,
17251,1,5,1,151,Potential_Loyalists
17252,3,5,2,352,
17253,5,5,1,551,
17254,5,5,2,552,
17255,5,5,2,552,
17256,3,5,1,351,
17259,3,5,5,355,
17262,4,3,1,431,
17263,2,5,1,251,Fresh_Visitors
17265,3,5,5,355,
17266,5,4,2,542,
17267,3,5,1,351,
17268,3,4,1,341,
17272,5,3,5,535,
17274,5,5,1,551,
17277,2,5,4,254,
17278,2,5,1,251,Fresh_Visitors
17279,4,5,1,451,Promising
17282,3,4,5,345,
17284,4,2,5,425,
17286,5,5,1,551,
17287,5,2,5,525,
17288,5,2,5,525,
17289,5,4,5,545,
17290,5,5,4,554,Loyal_Customers
17291,1,5,1,151,Potential_Loyalists
17293,5,1,5,515,Recent_Rich_Customers
17295,5,4,3,543,
17297,5,5,1,551,
17298,3,5,1,351,
17299,5,4,3,543,
17301,5,5,1,551,
17302,5,3,5,535,
17303,1,5,1,151,Potential_Loyalists
17306,5,1,5,515,Recent_Rich_Customers
17307,1,5,1,151,Potential_Loyalists
17309,4,5,1,451,Promising
17311,4,5,5,455,
17312,3,4,1,341,
17313,5,5,4,554,Loyal_Customers
17314,5,1,5,515,Recent_Rich_Customers
17315,5,1,5,515,Recent_Rich_Customers
17317,5,3,2,532,
17320,3,4,5,345,
17321,5,5,5,555,Champions
17323,5,1,5,515,Recent_Rich_Customers
17324,5,4,5,545,
17325,2,5,1,251,Fresh_Visitors
17329,5,5,1,551,
17330,5,5,1,551,
17331,3,5,1,351,
17333,4,5,1,451,Promising
17334,1,4,1,141,
17337,3,2,5,325,
17338,5,1,5,515,Recent_Rich_Customers
17339,4,5,1,451,Promising
17340,5,1,5,515,Recent_Rich_Customers
17341,3,4,5,345,
17343,1,5,1,151,Potential_Loyalists
17344,5,5,1,551,
17345,5,4,4,544,
17346,5,1,5,515,Recent_Rich_Customers
17347,4,5,1,451,Promising
17348,5,3,5,535,
17349,3,5,1,351,
17350,5,3,5,535,
17351,5,4,1,541,
17353,3,5,1,351,
17354,4,5,1,451,Promising
17356,1,5,1,151,Potential_Loyalists
17357,5,5,1,551,
17358,1,5,2,152,
17359,5,5,1,551,
17360,5,4,5,545,
17361,4,4,1,441,
17362,2,5,1,251,Fresh_Visitors
17364,5,1,5,515,Recent_Rich_Customers
17365,5,2,5,525,
17367,2,5,1,251,Fresh_Visitors
17368,5,1,5,515,Recent_Rich_Customers
17370,4,4,1,441,
17371,5,4,2,542,
17372,5,2,5,525,
17373,5,4,2,542,
17374,2,5,1,251,Fresh_Visitors
17375,3,4,3,343,
17376,4,5,1,451,Promising
17377,5,1,5,515,Recent_Rich_Customers
17379,5,5,3,553,
17381,5,1,5,515,Recent_Rich_Customers
17382,4,5,1,451,Promising
17383,5,5,1,551,
17384,5,5,1,551,
17385,5,5,1,551,
17386,5,3,4,534,
17387,5,5,4,554,Loyal_Customers
17388,4,4,3,443,
17389,5,1,5,515,Recent_Rich_Customers
17391,3,5,1,351,
17392,1,5,3,153,
17394,2,5,1,251,Fresh_Visitors
17396,5,2,5,525,
17397,5,5,3,553,
17398,3,4,3,343,
17400,3,3,5,335,
17402,5,1,5,515,Recent_Rich_Customers
17403,5,5,1,551,
17404,5,1,5,515,Recent_Rich_Customers
17405,5,3,5,535,
17406,1,3,5,135,
17408,3,5,1,351,
17409,3,5,1,351,
17410,5,3,5,535,
17411,5,4,3,543,
17412,5,2,5,525,
17414,5,5,1,551,
17415,4,5,1,451,Promising
17416,5,1,5,515,Recent_Rich_Customers
17418,5,5,1,551,
17419,5,1,5,515,Recent_Rich_Customers
17420,4,4,2,442,
17422,5,1,5,515,Recent_Rich_Customers
17423,5,4,2,542,
17425,5,5,2,552,
17426,5,2,5,525,
17427,4,5,1,451,Promising
17428,5,1,5,515,Recent_Rich_Customers
17429,3,4,3,343,
17430,5,5,1,551,
17431,1,5,1,151,Potential_Loyalists
17432,5,5,1,551,
17433,4,5,1,451,Promising
17434,5,1,5,515,Recent_Rich_Customers
17436,5,5,1,551,
17438,2,5,1,251,Fresh_Visitors
17440,3,3,1,331,
17442,5,1,5,515,Recent_Rich_Customers
17443,2,5,1,251,Fresh_Visitors
17444,3,4,5,345,
17446,3,5,1,351,
17447,5,5,1,551,
17448,3,5,1,351,
17449,5,2,5,525,
17450,5,1,5,515,Recent_Rich_Customers
17451,5,1,5,515,Recent_Rich_Customers
17453,5,5,1,551,
17454,3,4,2,342,
17455,2,5,1,251,Fresh_Visitors
17456,1,5,1,151,Potential_Loyalists
17457,3,3,2,332,
17458,5,5,1,551,
17459,5,5,5,555,Champions
17460,4,2,2,422,
17461,5,4,5,545,
17462,4,4,1,441,
17463,5,3,5,535,
17464,3,5,1,351,
17466,5,5,3,553,
17468,5,5,1,551,
17469,5,3,5,535,
17470,5,3,5,535,
17472,3,4,5,345,
17475,4,5,1,451,Promising
17480,4,5,1,451,Promising
17481,5,3,5,535,
17483,4,4,1,441,
17486,2,5,1,251,Fresh_Visitors
17489,4,5,1,451,Promising
17490,5,1,5,515,Recent_Rich_Customers
17491,5,1,5,515,Recent_Rich_Customers
17492,2,5,1,251,Fresh_Visitors
17495,5,5,1,551,
17496,1,5,1,151,Potential_Loyalists
17498,4,5,1,451,Promising
17499,2,5,2,252,
17500,5,4,1,541,
17501,2,5,1,251,Fresh_Visitors
17502,5,4,2,542,
17503,5,5,2,552,
17504,2,1,5,215,
17505,3,5,4,354,
17506,4,5,1,451,Promising
17507,2,5,4,254,
17508,2,5,1,251,Fresh_Visitors
17509,4,1,5,415,
17510,5,5,1,551,
17511,5,1,5,515,Recent_Rich_Customers
17512,5,1,5,515,Recent_Rich_Customers
17513,4,5,1,451,Promising
17514,3,5,1,351,
17515,5,4,3,543,
17516,5,3,5,535,
17517,1,5,1,151,Potential_Loyalists
17519,5,2,5,525,
17520,4,5,2,452,
17521,5,4,2,542,
17522,5,3,5,535,
17523,5,4,4,544,
17524,1,5,1,151,Potential_Loyalists
17525,1,5,1,151,Potential_Loyalists
17526,5,2,2,522,
17527,4,3,4,434,
17528,5,1,5,515,Recent_Rich_Customers
17530,5,1,5,515,Recent_Rich_Customers
17531,3,5,1,351,
17534,4,5,1,451,Promising
17535,2,5,1,251,Fresh_Visitors
17536,3,5,1,351,
17537,5,5,5,555,Champions
17538,5,5,1,551,
17540,5,4,1,541,
17542,2,5,1,251,Fresh_Visitors
17545,5,4,5,545,
17547,1,5,1,151,Potential_Loyalists
17548,2,4,1,241,
17549,5,5,1,551,
17550,2,4,1,241,
17551,1,5,1,151,Potential_Loyalists
17552,5,3,4,534,
17553,3,5,1,351,
17554,5,3,5,535,
17555,5,5,3,553,
17556,2,5,1,251,Fresh_Visitors
17557,5,4,2,542,
17560,4,3,3,433,
17561,5,5,1,551,
17562,5,2,4,524,
17564,5,4,1,541,
17566,5,5,5,555,Champions
17567,5,1,5,515,Recent_Rich_Customers
17569,1,5,1,151,Potential_Loyalists
17571,4,4,5,445,
17572,4,4,1,441,
17573,5,4,1,541,
17574,2,5,1,251,Fresh_Visitors
17576,5,1,5,515,Recent_Rich_Customers
17578,3,5,1,351,
17579,5,4,2,542,
17580,2,4,1,241,
17581,5,1,5,515,Recent_Rich_Customers
17582,2,5,1,251,Fresh_Visitors
17584,5,4,3,543,
17585,3,4,5,345,
17588,3,4,3,343,
17589,4,4,5,445,
17590,5,4,5,545,
17591,4,2,5,425,
17593,5,3,5,535,
17594,4,5,2,452,
17595,5,5,2,552,
17596,5,2,5,525,
17597,2,5,5,255,
17600,5,5,1,551,
17601,2,5,1,251,Fresh_Visitors
17602,5,2,5,525,
17603,4,3,5,435,
17604,2,5,1,251,Fresh_Visitors
17608,5,5,1,551,
17609,5,3,5,535,
17611,5,1,5,515,Recent_Rich_Customers
17612,4,1,5,415,
17613,5,1,5,515,Recent_Rich_Customers
17614,4,5,2,452,
17615,3,4,1,341,
17616,3,4,1,341,
17618,5,4,5,545,
17619,1,5,1,151,Potential_Loyalists
17620,4,5,1,451,Promising
17621,5,4,2,542,
17623,5,5,1,551,
17624,5,5,4,554,Loyal_Customers
17625,5,4,5,545,
17628,4,5,1,451,Promising
17629,5,1,5,515,Recent_Rich_Customers
17630,3,5,2,352,
17631,5,4,2,542,
17633,5,3,5,535,
17634,5,1,5,515,Recent_Rich_Customers
17636,5,5,1,551,
17637,5,5,2,552,
17639,2,5,1,251,Fresh_Visitors
17640,4,5,1,451,Promising
17642,3,5,2,352,
17643,1,5,1,151,Potential_Loyalists
17644,5,1,5,515,Recent_Rich_Customers
17646,2,4,4,244,
17647,4,5,1,451,Promising
17648,4,3,5,435,
17649,3,5,3,353,
17650,5,5,1,551,
17651,5,1,5,515,Recent_Rich_Customers
17652,5,1,5,515,Recent_Rich_Customers
17653,5,3,5,535,
17654,2,5,1,251,Fresh_Visitors
17655,5,2,5,525,
17656,4,3,5,435,
17658,5,4,2,542,
17659,5,1,5,515,Recent_Rich_Customers
17660,3,5,1,351,
17663,5,1,5,515,Recent_Rich_Customers
17664,5,5,2,552,
17666,5,5,1,551,
17667,4,3,5,435,
17668,5,5,1,551,
17669,5,2,5,525,
17670,2,5,1,251,Fresh_Visitors
17671,5,3,5,535,
17672,5,4,5,545,
17673,5,2,5,525,
17674,4,5,1,451,Promising
17675,5,1,5,515,Recent_Rich_Customers
17676,5,2,5,525,
17677,5,1,5,515,Recent_Rich_Customers
17678,2,5,1,251,Fresh_Visitors
17679,4,5,5,455,
17680,5,5,1,551,
17682,5,2,5,525,
17684,5,5,1,551,
17685,5,2,5,525,
17686,5,2,5,525,
17690,5,1,5,515,Recent_Rich_Customers
17691,1,5,1,151,Potential_Loyalists
17692,3,3,2,332,
17693,3,4,1,341,
17694,3,5,1,351,
17695,3,5,2,352,
17696,5,1,5,515,Recent_Rich_Customers
17697,2,5,1,251,Fresh_Visitors
17698,2,5,1,251,Fresh_Visitors
17700,5,3,5,535,
17701,2,5,1,251,Fresh_Visitors
17702,5,3,5,535,
17703,5,4,2,542,
17704,3,5,2,352,
17705,5,1,5,515,Recent_Rich_Customers
17706,5,1,5,515,Recent_Rich_Customers
17707,3,5,1,351,
17708,3,5,1,351,
17709,3,5,1,351,
17711,5,5,1,551,
17712,5,5,2,552,
17714,1,5,1,151,Potential_Loyalists
17715,2,5,1,251,Fresh_Visitors
17716,5,1,5,515,Recent_Rich_Customers
17718,2,5,1,251,Fresh_Visitors
17719,5,1,5,515,Recent_Rich_Customers
17720,5,4,5,545,
17722,4,3,5,435,
17723,3,3,2,332,
17724,4,4,3,443,
17725,5,1,5,515,Recent_Rich_Customers
17727,5,5,5,555,Champions
17728,5,3,5,535,
17730,5,1,5,515,Recent_Rich_Customers
17731,4,3,5,435,
17732,1,5,1,151,Potential_Loyalists
17733,5,5,2,552,
17734,4,4,2,442,
17735,5,1,5,515,Recent_Rich_Customers
17736,5,4,2,542,
17737,5,5,1,551,
17738,5,3,5,535,
17739,5,2,5,525,
17742,3,5,1,351,
17744,5,2,5,525,
17746,2,5,1,251,Fresh_Visitors
17747,3,5,1,351,
17749,3,5,2,352,
17750,5,1,5,515,Recent_Rich_Customers
17752,1,5,1,151,Potential_Loyalists
17754,5,3,5,535,
17757,5,1,5,515,Recent_Rich_Customers
17758,5,2,5,525,
17759,5,4,5,545,
17760,5,5,1,551,
17761,5,5,1,551,
17763,2,5,1,251,Fresh_Visitors
17764,4,5,4,454,
17765,3,4,2,342,
17767,5,5,1,551,
17768,5,4,5,545,
17769,5,1,5,515,Recent_Rich_Customers
17770,2,3,3,233,
17771,4,5,2,452,
17772,5,5,1,551,
17774,4,3,5,435,
17775,2,5,1,251,Fresh_Visitors
17777,5,4,5,545,
17779,5,3,4,534,
17781,3,5,1,351,
17783,4,5,2,452,
17785,4,5,1,451,Promising
17786,4,5,2,452,
17787,3,4,5,345,
17788,4,5,1,451,Promising
17789,2,5,1,251,Fresh_Visitors
17790,5,1,5,515,Recent_Rich_Customers
17791,5,5,1,551,
17793,5,5,2,552,
17795,3,5,2,352,
17796,5,4,3,543,
17797,5,4,5,545,
17799,5,1,5,515,Recent_Rich_Customers
17800,5,1,5,515,Recent_Rich_Customers
17802,4,4,5,445,
17805,4,5,1,451,Promising
17806,5,5,2,552,
17809,5,1,5,515,Recent_Rich_Customers
17811,5,1,5,515,Recent_Rich_Customers
17812,5,4,5,545,
17813,5,2,5,525,
17816,5,4,1,541,
17817,5,4,1,541,
17819,4,2,5,425,
17820,3,5,1,351,
17824,4,5,1,451,Promising
17827,5,3,5,535,
17828,5,1,5,515,Recent_Rich_Customers
17829,1,5,2,152,
17830,5,4,1,541,
17831,5,5,1,551,
17832,4,5,1,451,Promising
17835,5,4,2,542,
17836,4,5,1,451,Promising
17837,5,1,5,515,Recent_Rich_Customers
17838,5,3,5,535,
17839,5,5,2,552,
17841,5,1,5,515,Recent_Rich_Customers
17843,1,5,1,151,Potential_Loyalists
17844,3,5,1,351,
17846,4,5,1,451,Promising
17848,4,1,4,414,
17849,2,4,2,242,
17850,1,1,5,115,
17852,5,5,1,551,
17854,3,5,1,351,
17855,1,5,1,151,Potential_Loyalists
17856,5,3,2,532,
17857,5,1,5,515,Recent_Rich_Customers
17858,5,1,5,515,Recent_Rich_Customers
17859,1,5,1,151,Potential_Loyalists
17860,1,5,1,151,Potential_Loyalists
17861,5,1,5,515,Recent_Rich_Customers
17862,1,5,1,151,Potential_Loyalists
17863,4,3,5,435,
17864,5,4,5,545,
17865,5,1,5,515,Recent_Rich_Customers
17866,3,5,1,351,
17867,5,2,5,525,
17869,3,3,2,332,
17870,5,1,5,515,Recent_Rich_Customers
17871,2,5,1,251,Fresh_Visitors
17873,4,3,5,435,
17874,3,2,2,322,
17877,3,5,1,351,
17878,5,5,1,551,
17879,3,5,1,351,
17880,1,5,1,151,Potential_Loyalists
17881,1,5,1,151,Potential_Loyalists
17883,5,4,5,545,
17884,5,4,5,545,
17885,5,5,1,551,
17886,5,4,5,545,
17887,3,5,1,351,
17888,5,1,5,515,Recent_Rich_Customers
17889,2,5,1,251,Fresh_Visitors
17890,1,5,4,154,
17891,3,5,1,351,
17892,4,4,1,441,
17893,2,5,1,251,Fresh_Visitors
17894,4,2,5,425,
17895,5,5,1,551,
17896,5,5,1,551,
17897,3,4,4,344,About_toSleep
17898,4,5,1,451,Promising
17899,3,5,1,351,
17900,3,4,1,341,
17901,5,5,1,551,
17904,5,5,1,551,
17905,4,4,2,442,
17906,2,5,1,251,Fresh_Visitors
17908,1,5,1,151,Potential_Loyalists
17911,5,5,1,551,
17912,1,3,2,132,
17913,4,5,2,452,
17914,5,5,3,553,
17917,5,4,2,542,
17919,4,5,2,452,
17920,5,1,5,515,Recent_Rich_Customers
17921,4,4,5,445,
17923,2,5,1,251,Fresh_Visitors
17924,5,1,5,515,Recent_Rich_Customers
17925,1,5,1,151,Potential_Loyalists
17926,3,5,1,351,
17928,5,5,1,551,
17929,5,3,1,531,
17930,5,3,4,534,
17931,3,5,2,352,
17932,5,4,5,545,
17934,4,5,2,452,
17935,3,5,1,351,
17936,5,5,2,552,
17937,5,2,5,525,
17939,3,5,1,351,
17940,4,1,5,415,
17941,3,5,1,351,
17942,5,5,1,551,
17946,2,5,1,251,Fresh_Visitors
17947,5,5,1,551,
17948,3,5,1,351,
17949,5,1,5,515,Recent_Rich_Customers
17950,4,4,3,443,
17951,5,4,2,542,
17954,5,1,5,515,Recent_Rich_Customers
17955,2,4,2,242,
17956,2,5,1,251,Fresh_Visitors
17957,4,5,1,451,Promising
17958,3,5,1,351,
17960,3,5,1,351,
17961,5,1,5,515,Recent_Rich_Customers
17962,3,5,1,351,
17964,5,5,4,554,Loyal_Customers
17965,5,1,5,515,Recent_Rich_Customers
17966,5,3,5,535,
17967,1,5,1,151,Potential_Loyalists
17968,1,5,1,151,Potential_Loyalists
17969,3,5,1,351,
17970,2,5,2,252,
17972,2,5,1,251,Fresh_Visitors
17973,4,5,1,451,Promising
17974,5,4,5,545,
17975,5,1,5,515,Recent_Rich_Customers
17976,1,5,1,151,Potential_Loyalists
17977,5,5,1,551,
17978,1,5,1,151,Potential_Loyalists
17979,5,3,5,535,
17980,3,4,2,342,
17984,3,5,1,351,
17985,5,5,1,551,
17986,4,5,1,451,Promising
17987,3,5,1,351,
17988,5,2,1,521,
17990,2,4,2,242,
17991,2,5,1,251,Fresh_Visitors
17994,3,3,4,334,
17995,2,5,1,251,Fresh_Visitors
17997,4,1,5,415,
17999,5,5,3,553,
18001,5,5,3,553,
18004,1,5,1,151,Potential_Loyalists
18005,5,5,1,551,
18006,5,5,1,551,
18008,4,1,5,415,
18009,2,5,1,251,Fresh_Visitors
18010,2,5,1,251,Fresh_Visitors
18011,1,5,1,151,Potential_Loyalists
18013,3,5,1,351,
18014,5,5,1,551,
18015,5,5,1,551,
18016,5,3,5,535,
18017,4,4,1,441,
18018,3,5,1,351,
18019,4,5,1,451,Promising
18022,5,5,5,555,Champions
18024,3,4,1,341,
18027,3,5,1,351,
18030,5,4,1,541,
18032,1,5,1,151,Potential_Loyalists
18033,4,5,1,451,Promising
18034,5,5,4,554,Loyal_Customers
18035,5,4,3,543,
18036,5,4,2,542,
18037,3,3,1,331,
18040,5,5,1,551,
18041,5,1,5,515,Recent_Rich_Customers
18042,4,5,1,451,Promising
18043,5,4,4,544,
18044,5,1,5,515,Recent_Rich_Customers
18045,5,5,1,551,
18048,2,5,1,251,Fresh_Visitors
18050,1,5,1,151,Potential_Loyalists
18053,4,5,1,451,Promising
18055,5,1,5,515,Recent_Rich_Customers
18056,2,5,1,251,Fresh_Visitors
18058,5,5,1,551,
18059,5,4,1,541,
18061,5,1,5,515,Recent_Rich_Customers
18062,3,4,2,342,
18064,3,5,1,351,
18065,5,1,5,515,Recent_Rich_Customers
18066,4,5,1,451,Promising
18067,5,5,1,551,
18068,2,5,1,251,Fresh_Visitors
18069,5,2,5,525,
18071,2,5,1,251,Fresh_Visitors
18072,3,5,1,351,
18073,3,1,5,315,
18074,1,5,1,151,Potential_Loyalists
18075,5,1,5,515,Recent_Rich_Customers
18077,5,1,5,515,Recent_Rich_Customers
18078,2,5,1,251,Fresh_Visitors
18079,5,4,5,545,
18080,5,5,1,551,
18081,5,4,1,541,
18082,5,5,4,554,Loyal_Customers
18084,5,5,1,551,
18085,1,5,1,151,Potential_Loyalists
18086,2,5,1,251,Fresh_Visitors
18087,3,4,5,345,
18088,4,5,1,451,Promising
18092,5,1,5,515,Recent_Rich_Customers
18093,4,3,4,434,
18094,4,2,5,425,
18095,1,5,1,151,Potential_Loyalists
18096,5,4,5,545,
18097,5,2,5,525,
18099,3,5,1,351,
18101,5,5,1,551,
18102,5,1,5,515,Recent_Rich_Customers
18104,5,5,2,552,
18105,5,5,1,551,
18106,1,5,1,151,Potential_Loyalists
18108,2,5,1,251,Fresh_Visitors
18109,5,1,5,515,Recent_Rich_Customers
18110,5,5,1,551,
18112,5,5,2,552,
18113,1,5,1,151,Potential_Loyalists
18114,2,5,1,251,Fresh_Visitors
18116,4,2,5,425,
18117,5,5,3,553,
18118,5,1,5,515,Recent_Rich_Customers
18119,1,5,1,151,Potential_Loyalists
18120,2,5,1,251,Fresh_Visitors
18121,3,5,1,351,
18122,5,3,5,535,
18123,5,5,2,552,
18125,5,3,5,535,
18126,4,5,1,451,Promising
18127,5,4,2,542,
18129,2,5,1,251,Fresh_Visitors
18130,5,4,5,545,
18133,2,5,1,251,Fresh_Visitors
18135,5,3,1,531,
18136,4,4,2,442,
18138,2,5,1,251,Fresh_Visitors
18139,5,2,5,525,
18141,1,5,1,151,Potential_Loyalists
18142,3,4,2,342,
18143,3,5,4,354,
18144,5,1,5,515,Recent_Rich_Customers
18145,5,4,5,545,
18146,3,5,1,351,
18147,5,5,1,551,
18149,4,4,1,441,
18150,5,4,2,542,
18151,3,5,2,352,
18154,5,5,1,551,
18155,4,4,1,441,
18156,5,5,5,555,Champions
18158,5,4,1,541,
18159,1,5,1,151,Potential_Loyalists
18160,4,5,2,452,
18161,5,3,5,535,
18164,5,5,1,551,
18165,3,5,1,351,
18167,5,3,3,533,
18168,3,1,5,315,
18169,4,5,1,451,Promising
18170,5,4,3,543,
18171,4,2,5,425,
18172,5,1,5,515,Recent_Rich_Customers
18173,4,4,4,444,Need_Attention
18174,5,5,1,551,
18176,1,5,2,152,
18177,5,2,4,524,
18178,3,3,5,335,
18179,5,3,5,535,
18180,5,3,5,535,
18181,5,5,1,551,
18183,2,3,3,233,
18184,5,5,1,551,
18185,2,5,1,251,Fresh_Visitors
18188,5,4,5,545,
18189,4,4,5,445,
18190,3,4,1,341,
18191,2,5,1,251,Fresh_Visitors
18192,4,5,3,453,
18193,3,4,1,341,
18194,4,5,1,451,Promising
18196,4,5,5,455,
18198,5,1,5,515,Recent_Rich_Customers
18200,3,5,1,351,
18202,2,4,5,245,
18203,3,5,1,351,
18204,4,4,5,445,
18205,5,5,2,552,
18209,5,5,1,551,
18210,5,3,5,535,
18211,5,3,2,532,
18212,1,5,1,151,Potential_Loyalists
18213,2,5,1,251,Fresh_Visitors
18215,4,5,1,451,Promising
18216,5,5,1,551,
18217,5,5,2,552,
18218,2,4,2,242,
18219,5,1,5,515,Recent_Rich_Customers
18220,2,5,1,251,Fresh_Visitors
18221,5,3,5,535,
18222,4,5,1,451,Promising
18223,5,1,5,515,Recent_Rich_Customers
18224,2,5,1,251,Fresh_Visitors
18225,5,1,5,515,Recent_Rich_Customers
18226,5,1,5,515,Recent_Rich_Customers
18227,2,5,1,251,Fresh_Visitors
18228,4,4,2,442,
18229,5,1,5,515,Recent_Rich_Customers
18230,5,1,5,515,Recent_Rich_Customers
18231,3,3,5,335,
18232,4,3,2,432,
18233,1,5,1,151,Potential_Loyalists
18235,4,4,5,445,
18236,5,3,3,533,
18237,5,3,5,535,
18239,2,3,5,235,
18240,5,5,1,551,
18241,5,1,5,515,Recent_Rich_Customers
18242,4,4,5,445,
18245,5,2,5,525,
18246,5,5,1,551,
18248,3,4,4,344,About_toSleep
18249,5,5,1,551,
18250,1,5,1,151,Potential_Loyalists
18251,4,5,4,454,
18252,4,5,3,453,
18255,4,5,1,451,Promising
18256,1,5,1,151,Potential_Loyalists
18257,5,1,5,515,Recent_Rich_Customers
18259,5,4,4,544,
18260,3,2,5,325,
18261,5,5,1,551,
18262,3,5,1,351,
18263,5,4,4,544,
18265,4,5,3,453,
18268,3,5,1,351,
18269,1,5,1,151,Potential_Loyalists
18270,5,4,1,541,
18272,5,2,5,525,
18273,5,4,1,541,
18274,5,5,1,551,
18276,5,4,1,541,
18277,4,5,1,451,Promising
18278,4,5,1,451,Promising
18280,2,5,1,251,Fresh_Visitors
18281,3,5,1,351,
18282,5,4,1,541,
18283,5,1,5,515,Recent_Rich_Customers
18287,5,4,5,545,
